Filename,x1,y1,x2,y2,x3,y3,x4,y4,x5,y5,x6,y6,x7,y7,x8,y8,x9,y9,x10,y10,x11,y11,x12,y12,x13,y13,x14,y14,x15,y15,x16,y16
frame_0001.jpg,464,0,631,18,286,18,786,42,933,47,127,82,1027,103,1011,219,8,223,918,345,0,367,789,459,118,495,643,545,281,576,467,593
frame_0002.jpg,464,0,631,17,286,18,786,43,933,47,127,81,1026,104,1010,219,9,222,918,345,0,367,790,459,119,495,644,545,282,576,468,594
frame_0003.jpg,465,0,632,18,286,17,788,43,936,48,128,80,1029,105,1013,223,9,221,918,347,0,365,789,461,118,494,642,546,279,575,466,594
frame_0006.jpg,466,0,288,17,634,19,789,45,937,51,129,81,1030,108,10,219,1013,223,920,349,0,364,790,462,118,492,642,547,280,574,466,594
frame_0011.jpg,476,0,645,18,294,18,799,45,944,49,130,83,1036,106,1022,223,8,229,933,349,0,381,806,467,125,513,661,557,294,594,485,609
frame_0029.jpg,508,0,706,8,1072,23,893,28,306,32,1187,85,130,115,1172,223,3,279,1063,376,0,441,912,515,136,579,739,620,322,664,535,680
frame_0042.jpg,502,0,691,3,869,16,305,36,1144,61,128,122,1,292,1047,341,0,457,912,483,145,591,753,596,339,666,555,669,-1,-1,-1,-1
frame_0046.jpg,520,0,711,10,1060,24,890,28,321,29,1171,82,142,108,1161,214,8,272,1061,362,0,437,917,500,138,577,750,608,328,662,547,674
frame_0048.jpg,527,0,718,11,1073,31,328,27,898,31,1182,87,148,105,1173,220,11,268,1071,369,0,432,926,507,137,576,756,615,328,665,549,679
frame_0050.jpg,532,0,725,14,331,24,907,37,1083,37,151,99,1195,100,1180,234,13,260,1073,384,0,423,920,520,131,569,746,624,319,661,537,682
frame_0051.jpg,533,0,726,14,330,26,1086,38,910,37,1200,100,149,102,1187,236,11,265,1080,386,0,431,928,524,134,577,754,629,325,670,544,689
frame_0053.jpg,558,0,760,13,347,27,1130,35,949,36,1248,97,156,107,1236,236,12,278,1130,391,0,452,976,536,145,604,797,648,347,698,580,714
frame_0057.jpg,574,0,766,18,370,20,946,44,1118,52,180,86,1228,108,1223,239,24,242,1126,381,0,411,980,518,138,569,802,626,342,668,581,689
frame_0059.jpg,576,0,772,17,369,23,954,42,1125,47,176,92,1240,104,1236,237,21,253,1141,381,0,427,996,522,146,585,821,633,356,683,599,700
frame_0062.jpg,586,0,778,20,377,19,954,48,1116,54,181,87,1226,111,1226,239,20,248,1142,381,0,428,1008,520,153,591,839,633,372,691,620,706
frame_0064.jpg,583,0,778,18,372,23,958,44,1127,50,177,94,1237,105,1238,235,18,259,1153,380,0,440,1017,524,155,603,849,640,378,703,626,715
frame_0065.jpg,573,0,769,14,364,26,952,36,1120,37,1237,93,172,99,1240,226,17,266,1157,374,0,445,1022,520,156,606,852,639,377,705,628,716
frame_0066.jpg,567,0,763,12,358,29,1110,33,944,33,1225,88,166,104,1230,219,13,276,1151,368,0,457,1018,517,160,617,852,638,383,712,634,719
frame_0067.jpg,562,0,754,16,354,25,931,39,1091,41,1205,95,163,97,1208,224,11,266,1132,368,0,446,1004,512,161,605,844,629,383,699,629,707
frame_0069.jpg,541,0,722,19,341,21,888,45,1037,50,157,87,1143,103,1143,227,11,247,1071,362,0,423,952,496,157,578,801,607,369,670,600,679
frame_0070.jpg,529,0,708,19,332,20,871,45,1017,49,151,87,1120,102,1123,224,8,249,1056,357,0,424,943,490,158,578,797,601,371,668,601,675
frame_0072.jpg,572,0,370,6,749,31,180,60,904,69,1135,143,20,218,1063,389,0,404,948,517,157,573,804,622,374,676,606,690,-1,-1,-1,-1
frame_0075.jpg,542,0,347,6,713,32,164,59,862,70,998,88,1087,144,15,214,1087,261,1027,387,0,400,924,513,160,568,787,618,373,671,597,686
frame_0080.jpg,484,0,304,6,639,29,776,64,138,61,896,77,982,130,6,212,983,240,933,359,0,389,840,480,153,546,723,580,351,638,555,647
frame_0081.jpg,494,0,314,2,651,32,145,54,788,69,906,86,991,140,11,201,989,251,936,369,0,378,842,488,149,541,721,586,346,637,550,651
frame_0083.jpg,317,0,488,9,152,41,635,49,762,92,877,116,17,180,947,279,0,354,892,390,800,500,140,520,685,590,326,624,522,646,-1,-1
frame_0085.jpg,284,0,439,12,137,35,567,52,678,94,772,117,840,170,15,164,832,267,0,328,787,369,707,468,126,484,607,550,291,581,465,601
frame_0086.jpg,258,0,409,7,119,38,536,41,645,80,7,168,803,245,0,327,762,346,689,446,127,477,593,529,290,567,458,582,-1,-1,-1,-1
frame_0087.jpg,260,0,410,7,119,39,534,42,641,80,7,168,0,326,754,340,681,438,129,474,588,519,292,561,457,573,-1,-1,-1,-1,-1,-1
frame_0090.jpg,242,0,385,5,504,38,113,38,609,73,763,140,9,159,756,231,0,307,717,328,643,424,114,448,549,502,264,533,422,550,-1,-1
frame_0094.jpg,246,0,387,3,502,34,113,40,601,67,685,83,747,128,8,165,741,216,702,310,0,315,631,404,118,450,545,483,268,527,421,536
frame_0095.jpg,381,2,239,0,499,30,107,42,597,62,602,63,747,122,4,173,702,307,0,324,634,401,122,456,546,481,272,530,424,536,-1,-1
frame_0097.jpg,243,0,388,1,507,32,109,43,609,64,696,77,757,125,4,171,707,308,0,320,634,401,119,450,544,478,268,523,419,530,-1,-1
frame_0098.jpg,388,1,243,0,507,30,108,45,609,63,698,77,759,124,4,174,752,213,709,308,0,324,636,402,120,454,547,480,270,527,423,533
frame_0100.jpg,382,0,237,3,505,25,609,53,103,53,703,66,764,110,0,189,715,300,1,340,643,399,125,467,553,480,276,536,429,537,-1,-1
frame_0101.jpg,384,0,238,4,509,25,614,55,101,55,704,66,767,112,0,190,760,203,716,302,0,340,642,399,124,467,552,480,275,535,428,536
frame_0102.jpg,384,0,237,5,508,25,614,54,101,57,705,65,769,110,0,193,762,202,719,301,2,343,643,399,126,468,554,480,429,537,276,536
frame_0105.jpg,388,0,242,7,513,22,618,48,105,61,775,102,2,197,726,291,0,348,653,392,124,471,561,475,435,535,278,537,-1,-1,-1,-1
frame_0108.jpg,385,0,235,11,511,19,620,43,99,71,782,93,0,216,733,291,5,368,659,396,567,483,132,489,441,546,287,551,-1,-1,-1,-1
frame_0109.jpg,391,0,240,9,518,20,627,45,105,65,0,208,735,293,3,358,658,394,567,480,131,480,440,540,285,543,-1,-1,-1,-1,-1,-1
frame_0110.jpg,395,0,244,9,520,21,630,45,724,53,105,67,787,99,782,190,1,209,737,294,0,362,659,397,565,484,125,486,436,547,279,550
frame_0113.jpg,389,0,238,11,517,20,631,45,730,53,103,67,798,99,791,193,0,205,739,298,0,351,658,399,119,473,558,484,269,539,426,541
frame_0120.jpg,366,0,224,12,490,16,601,37,698,43,96,66,762,85,1,192,702,271,0,323,622,366,111,434,525,443,252,493,400,495,-1,-1
frame_0121.jpg,363,0,222,12,486,16,596,37,694,40,94,66,761,82,754,169,1,190,702,268,0,320,621,362,111,428,525,439,250,488,398,490
frame_0124.jpg,237,0,509,9,619,32,105,52,785,84,773,164,4,178,718,266,0,311,635,359,111,422,535,436,254,483,406,486,-1,-1,-1,-1
frame_0131.jpg,388,0,532,9,235,21,783,23,663,25,864,68,99,82,859,167,0,213,792,277,0,344,692,382,114,453,576,465,264,516,429,519
frame_0132.jpg,400,0,545,13,245,19,678,31,802,33,884,78,105,79,876,179,4,207,803,290,0,339,699,394,111,451,578,476,261,518,426,527
frame_0134.jpg,413,0,563,13,254,16,703,35,837,38,113,74,922,87,909,191,8,199,824,304,0,327,707,406,105,440,575,484,249,511,416,528
frame_0135.jpg,413,0,563,15,254,15,702,37,836,41,113,72,920,92,908,196,8,197,823,308,0,325,707,410,105,441,574,487,250,513,417,531
frame_0138.jpg,441,0,278,11,589,20,724,46,852,53,128,64,931,103,11,191,918,204,838,311,0,325,727,410,112,444,597,488,265,519,439,534
frame_0140.jpg,415,0,261,13,558,17,690,40,816,44,121,65,895,92,12,186,883,190,804,296,0,311,693,393,103,423,566,467,248,494,412,510
frame_0141.jpg,405,0,255,11,546,15,675,37,798,41,117,61,874,87,863,181,10,180,786,285,0,303,681,380,102,414,556,453,243,481,405,496
frame_0142.jpg,399,0,249,15,538,15,666,37,788,42,113,66,862,85,853,179,9,184,778,280,0,305,674,375,101,414,552,448,245,480,405,491
frame_0143.jpg,390,0,526,16,243,15,655,37,774,41,110,64,849,85,838,177,10,179,764,278,0,297,658,371,98,399,538,441,234,464,392,481
frame_0144.jpg,397,0,251,7,530,19,654,43,771,51,117,52,845,97,12,163,831,186,0,281,757,285,652,373,96,388,532,440,-1,-1,-1,-1
frame_0148.jpg,392,0,251,5,521,20,641,45,120,48,825,99,15,154,0,267,736,280,631,364,90,373,512,427,216,443,368,462,-1,-1,-1,-1
frame_0152.jpg,405,0,263,2,531,26,129,39,649,55,763,70,830,116,20,140,812,203,0,254,732,292,84,364,625,373,504,433,211,437,360,460
frame_0155.jpg,380,0,243,4,505,21,119,45,626,48,816,104,18,142,802,193,0,249,721,286,79,355,613,368,489,427,200,427,345,455,-1,-1
frame_0157.jpg,348,0,476,8,215,19,597,20,791,58,96,71,6,181,718,250,0,292,621,345,89,389,505,418,216,449,366,462,-1,-1,-1,-1
frame_0163.jpg,345,0,469,5,697,13,586,15,210,19,766,48,88,75,763,133,3,186,700,230,0,297,610,322,95,389,504,395,224,441,372,444
frame_0166.jpg,360,0,226,10,482,17,595,38,708,43,106,53,776,85,12,154,760,171,690,259,0,259,592,340,85,355,479,401,205,418,345,435
frame_0171.jpg,368,0,236,5,491,20,114,44,603,45,717,55,779,98,16,141,766,182,0,247,690,269,81,346,588,348,473,405,200,413,339,436
frame_0172.jpg,361,0,230,7,483,18,598,40,709,49,108,48,775,92,13,147,765,175,0,252,690,263,591,343,84,350,477,402,204,414,343,433
frame_0180.jpg,506,0,509,5,777,9,644,14,219,29,862,48,861,148,1,211,786,258,0,329,680,365,104,428,556,446,405,496,-1,-1,-1,-1
frame_0181.jpg,781,0,516,3,376,5,652,9,224,33,868,37,93,98,869,136,0,226,800,251,1,350,698,362,577,450,111,450,260,507,425,507
frame_0184.jpg,560,0,706,3,402,5,936,29,237,44,96,122,932,140,861,265,0,269,755,385,11,405,631,483,138,508,474,551,299,560,-1,-1
frame_0185.jpg,440,0,599,15,268,20,747,37,887,40,115,82,975,91,961,200,3,222,873,318,0,361,754,427,119,479,618,511,278,549,455,560
frame_0190.jpg,946,0,634,5,460,7,796,13,1048,45,277,45,114,128,1048,164,0,290,971,301,854,434,6,443,713,542,149,562,535,618,334,625
frame_0191.jpg,986,0,659,0,478,0,826,10,286,40,1086,47,118,127,1085,171,0,294,1001,313,879,450,6,454,733,561,154,579,550,638,344,644
frame_0192.jpg,519,0,705,18,320,21,875,45,1036,49,141,92,1139,109,1124,236,6,255,1025,373,0,419,886,500,138,561,728,599,325,645,534,658
frame_0193.jpg,534,0,335,19,721,20,893,48,1056,56,153,87,1158,115,1142,242,12,246,1040,379,0,407,897,505,733,602,-1,-1,-1,-1,-1,-1
frame_0194.jpg,531,0,717,19,331,20,890,45,1051,49,150,90,1155,109,1143,236,11,250,1045,375,0,416,906,504,139,561,743,605,329,650,544,666
frame_0195.jpg,536,0,725,18,335,20,899,45,1066,51,153,90,1169,110,1155,240,13,250,1056,380,0,415,913,511,137,563,748,612,328,654,545,671
frame_0196.jpg,547,0,739,20,341,21,916,49,1083,55,154,93,1190,117,1174,248,12,257,1071,393,0,427,925,526,140,576,757,628,333,669,553,687
frame_0197.jpg,557,0,754,20,348,19,937,49,1110,55,159,91,1221,121,1204,255,14,254,1095,401,0,424,943,535,138,575,767,637,332,672,556,695
frame_0198.jpg,557,0,759,18,347,22,949,46,1131,51,159,97,1248,118,1232,258,15,259,1120,409,0,430,961,548,137,584,778,653,331,684,560,711
frame_0199.jpg,553,0,757,15,343,27,950,41,1135,43,156,103,1256,110,1241,251,13,268,1130,407,0,438,968,550,137,592,785,658,333,692,563,717
frame_0200.jpg,551,0,754,15,340,28,948,39,1132,40,154,104,1254,106,1240,247,13,269,1130,403,0,440,969,547,138,593,786,656,334,691,566,716
frame_0201.jpg,549,0,751,13,338,29,1130,35,944,36,1251,100,152,108,1239,242,11,274,1127,398,0,445,968,543,137,596,785,653,334,693,565,715
frame_0202.jpg,529,0,735,5,1126,15,934,21,320,36,1255,75,139,122,1246,221,7,289,1136,385,0,457,975,536,137,604,788,651,334,698,566,717
frame_0203.jpg,524,0,727,7,1114,20,922,25,318,35,1237,78,139,118,1231,221,6,283,1123,381,0,450,965,529,140,595,784,641,337,687,565,706
frame_0205.jpg,543,0,743,11,336,29,1118,31,934,32,1239,93,152,107,1228,233,12,272,1118,389,0,441,961,533,138,591,780,643,334,685,561,706
frame_0208.jpg,521,0,720,5,916,23,321,33,1237,77,145,113,1227,220,12,273,1110,382,0,434,944,528,127,578,757,637,313,673,538,697,-1,-1
frame_0209.jpg,517,0,718,4,1117,10,918,18,318,37,1249,71,143,119,1239,217,12,279,1118,382,0,438,949,530,125,581,756,640,310,676,534,699
frame_0211.jpg,518,0,1129,0,722,0,925,11,318,39,1264,59,143,121,1257,210,13,284,1130,379,0,444,956,532,125,587,759,646,309,681,535,706
frame_0212.jpg,1131,0,714,9,509,11,919,15,314,55,1272,58,141,140,1262,215,12,302,1127,390,0,460,946,547,118,601,745,662,297,697,519,721
frame_0216.jpg,1051,0,833,32,631,41,1201,47,440,59,266,114,116,204,1201,208,7,359,1064,399,0,504,882,567,104,632,683,684,263,721,466,745
frame_0217.jpg,1028,0,813,38,1180,44,611,52,424,75,254,134,1185,208,109,230,4,387,1053,403,0,534,874,577,103,661,680,701,263,747,466,767
frame_0218.jpg,1029,0,807,40,1185,46,605,55,418,79,253,138,1188,212,109,230,7,386,1047,411,0,530,863,584,99,657,665,707,253,745,451,769
frame_0221.jpg,1117,0,756,1,562,18,385,43,230,102,1123,167,97,194,4,345,986,362,0,483,810,533,94,604,622,651,237,688,422,710,-1,-1
frame_0224.jpg,1050,0,709,3,528,21,363,47,216,104,1055,160,91,194,3,339,923,350,0,472,757,514,86,588,579,629,220,667,393,687,-1,-1
frame_0226.jpg,898,0,1038,39,695,43,517,63,353,89,210,147,1044,199,88,237,3,381,912,392,0,512,746,557,85,627,570,671,216,706,386,727
frame_0227.jpg,889,0,1028,37,689,46,511,68,349,96,209,156,1034,200,87,248,3,395,904,396,0,528,740,565,85,643,566,682,216,722,384,742
frame_0229.jpg,994,0,638,34,459,68,307,108,178,175,1006,171,70,270,869,383,0,412,1,536,702,560,77,643,529,679,197,717,355,737,-1,-1
frame_0231.jpg,808,0,950,30,613,61,443,94,296,132,173,197,961,194,833,401,0,429,0,553,674,574,76,659,508,692,190,732,341,751,-1,-1
frame_0233.jpg,782,0,935,21,581,75,410,118,267,164,958,193,152,235,60,329,829,414,0,465,7,583,669,597,79,684,503,717,191,755,338,775
frame_0234.jpg,760,0,905,24,568,69,404,107,264,149,924,194,152,216,59,308,799,404,0,444,7,561,647,578,80,662,488,695,186,732,330,750
frame_0235.jpg,751,0,888,27,565,65,405,98,267,137,903,193,154,202,60,293,779,398,0,429,5,546,630,567,75,647,476,680,183,716,321,735
frame_0238.jpg,740,0,878,23,554,71,394,110,258,153,899,191,148,222,57,316,779,403,0,454,5,573,633,581,78,674,480,699,186,743,324,759
frame_0241.jpg,741,0,884,23,553,74,391,114,255,157,908,196,145,228,55,323,785,415,0,585,638,600,71,691,480,723,180,763,321,783,-1,-1
frame_0243.jpg,746,0,882,26,562,70,405,108,267,150,901,197,157,220,62,317,781,415,0,462,4,588,636,598,76,695,483,722,184,769,326,785
frame_0244.jpg,745,0,884,27,561,72,404,110,268,153,903,198,157,222,62,319,783,415,0,463,3,588,636,597,75,694,480,722,183,767,326,784
frame_0248.jpg,783,0,915,39,594,52,432,74,291,103,173,161,922,207,74,246,2,385,789,406,0,508,631,569,66,618,473,676,171,697,311,724
frame_0252.jpg,835,0,650,33,485,40,960,47,335,56,204,103,89,184,957,201,7,318,825,377,0,443,668,523,74,555,506,620,188,636,339,664
frame_0253.jpg,635,0,945,6,469,11,193,81,82,161,948,160,3,301,823,340,0,426,672,490,77,536,512,592,194,614,344,639,-1,-1,-1,-1
frame_0254.jpg,828,0,645,36,479,46,951,43,328,66,195,116,951,194,80,201,0,340,829,371,1,467,681,520,81,578,523,623,204,653,358,674
frame_0259.jpg,880,0,525,18,696,22,365,26,1000,53,221,67,93,147,990,202,3,288,862,369,0,419,707,507,86,536,545,601,212,618,373,645
frame_0273.jpg,862,0,660,41,477,54,1004,51,313,74,173,126,1003,211,61,215,0,355,872,390,15,477,717,534,110,581,559,629,238,651,395,673
frame_0275.jpg,879,0,663,45,1029,53,473,59,305,83,164,136,1026,220,57,226,0,366,887,407,17,487,724,553,114,589,563,644,242,659,394,681
frame_0276.jpg,885,0,666,43,473,58,1036,54,303,80,160,134,54,225,1032,222,0,366,890,410,22,487,728,553,120,589,567,644,249,659,404,683
frame_0277.jpg,894,0,673,38,481,46,310,63,1044,60,165,113,56,202,1034,227,0,341,887,407,19,462,721,545,115,565,558,631,242,638,396,665
frame_0280.jpg,855,0,647,35,464,40,300,53,999,59,162,98,57,182,997,218,0,317,861,392,19,434,706,524,113,538,549,608,239,611,390,644
frame_0283.jpg,825,0,614,41,425,52,975,57,257,71,120,119,18,203,979,218,847,397,0,458,695,531,102,558,541,618,230,628,384,653,-1,-1
frame_0285.jpg,862,0,648,37,459,42,292,57,1014,60,153,101,52,184,1013,222,0,318,875,396,24,434,717,526,122,536,250,608,561,607,402,638
frame_0288.jpg,867,0,651,34,461,39,291,54,1017,62,154,97,50,183,0,319,876,402,24,438,719,534,123,542,253,615,563,615,404,645,-1,-1
frame_0289.jpg,871,0,655,34,465,36,295,48,1020,64,155,92,51,178,1016,227,0,314,876,403,25,433,719,531,124,537,253,610,562,612,405,640
frame_0290.jpg,869,0,653,34,462,38,293,50,1019,64,154,94,49,181,1015,228,0,317,876,405,23,437,719,535,123,542,252,615,563,615,404,646
frame_0291.jpg,869,0,654,35,464,40,293,54,1019,62,154,99,50,185,1016,225,0,323,878,402,26,441,722,531,127,544,258,616,567,613,410,644
frame_0293.jpg,865,0,650,38,460,44,290,60,1017,61,152,106,50,192,1016,225,0,330,878,401,26,447,723,533,127,549,567,617,256,621,408,649
frame_0296.jpg,868,0,651,37,460,44,290,59,1020,61,151,106,47,192,1019,223,0,329,880,401,25,447,723,534,127,548,567,615,256,619,408,647
frame_0297.jpg,871,0,654,36,464,42,294,56,1023,62,154,103,50,189,1019,224,0,326,880,404,26,445,725,534,126,547,568,616,256,619,408,648
frame_0299.jpg,874,0,657,34,466,38,296,51,1022,63,155,96,51,181,1018,225,0,318,878,400,25,437,721,531,125,540,254,612,565,611,406,641
frame_0300.jpg,872,0,657,36,466,40,295,54,1023,64,156,99,52,184,1019,226,0,322,878,403,25,440,721,533,126,542,255,615,564,614,406,644
frame_0302.jpg,882,0,665,31,473,33,301,44,1031,66,159,87,52,172,1022,230,0,310,880,402,24,430,124,533,720,531,253,607,563,609,405,637
frame_0303.jpg,881,0,662,31,471,34,300,46,1028,63,158,90,50,177,1021,226,0,315,879,401,25,434,720,531,125,538,254,611,564,610,406,640
frame_0304.jpg,881,0,663,36,471,40,298,53,1032,66,155,99,48,185,1025,230,0,324,882,407,26,442,722,537,125,546,254,619,565,618,406,648
frame_0305.jpg,884,0,664,35,470,38,297,51,1036,66,157,95,49,182,1029,231,0,320,885,407,26,439,726,537,127,542,257,615,568,615,409,645
frame_0306.jpg,884,0,664,35,468,39,296,51,1038,65,154,96,51,181,1032,230,0,319,890,405,26,438,729,537,128,541,258,614,571,616,411,644
frame_0307.jpg,883,0,665,33,471,36,300,47,1037,66,158,90,51,175,1030,229,0,312,888,404,26,431,126,535,729,532,257,609,570,611,410,640
frame_0308.jpg,885,0,664,34,470,36,298,48,1038,66,156,91,50,177,1033,231,0,315,891,407,26,434,128,539,732,535,258,613,573,615,412,644
frame_0309.jpg,881,0,664,35,470,38,297,50,1034,66,155,94,50,180,1031,229,0,319,891,406,28,438,734,536,131,542,263,616,578,616,417,647
frame_0310.jpg,885,0,666,34,472,37,298,51,1039,65,157,94,49,181,1035,230,0,320,893,405,25,441,732,537,129,544,258,619,574,618,413,652
frame_0316.jpg,864,0,508,25,680,25,342,35,987,55,195,76,72,162,990,199,0,308,879,363,13,439,741,500,118,552,589,597,258,625,423,645
frame_0318.jpg,856,0,670,32,496,38,985,49,333,54,190,100,71,185,989,193,0,332,876,362,17,452,736,502,582,599,-1,-1,-1,-1,-1,-1
frame_0321.jpg,910,0,536,22,715,23,367,29,1042,56,214,71,84,153,0,296,906,375,4,429,751,514,100,546,236,627,405,655,-1,-1,-1,-1
frame_0325.jpg,959,0,751,32,558,43,1102,51,379,61,220,112,89,196,1093,204,0,341,952,382,1,470,779,530,97,582,599,632,236,658,412,681
frame_0329.jpg,973,0,603,16,786,20,423,22,1096,51,251,65,102,151,1088,191,0,302,971,355,1,444,817,496,113,565,648,600,271,642,460,657
frame_0335.jpg,1032,0,656,6,464,9,844,14,277,48,1156,54,115,133,1147,196,2,291,1029,354,0,441,872,497,122,569,696,604,294,650,496,665
frame_0337.jpg,518,0,711,10,318,28,899,30,1202,90,143,104,1184,229,11,264,1063,382,0,423,902,517,126,563,723,618,304,653,517,673,-1,-1
frame_0341.jpg,545,0,748,7,945,29,330,32,142,116,1250,231,5,288,1134,391,0,459,973,536,145,606,789,649,344,696,571,713,-1,-1,-1,-1
frame_0342.jpg,555,0,767,10,965,32,337,32,1280,93,144,119,1265,238,3,293,1150,398,0,468,991,544,150,618,806,658,355,708,588,723,-1,-1
frame_0347.jpg,608,0,387,13,803,28,975,63,179,85,1231,137,13,265,1124,404,0,455,990,539,167,620,829,648,386,711,621,719,-1,-1,-1,-1
frame_0351.jpg,564,0,362,1,738,36,171,61,890,77,1024,93,16,231,1096,278,1017,410,0,421,897,536,152,590,753,638,351,688,565,703,-1,-1
frame_0353.jpg,375,0,564,13,188,43,711,60,837,107,942,129,1011,191,25,204,992,295,0,399,928,409,828,520,150,570,707,613,342,664,539,675
frame_0364.jpg,333,0,176,21,482,42,586,105,663,163,28,182,0,403,705,444,637,543,133,598,560,632,443,696,291,694,-1,-1,-1,-1,-1,-1
frame_0372.jpg,271,0,406,29,135,31,502,83,577,134,17,187,678,219,0,385,623,405,561,502,117,557,490,586,252,642,386,647,-1,-1,-1,-1
frame_0377.jpg,282,0,154,22,408,38,494,87,561,137,34,160,652,219,0,342,589,392,523,480,97,509,448,556,218,598,347,609,-1,-1,-1,-1
frame_0379.jpg,277,0,154,18,396,35,480,90,541,140,35,155,627,223,0,338,563,393,500,480,88,505,428,555,206,595,326,606,-1,-1,-1,-1
frame_0382.jpg,253,0,138,22,446,86,507,134,30,155,591,215,0,332,531,385,470,470,84,494,401,543,194,582,308,593,-1,-1,-1,-1,-1,-1
frame_0395.jpg,237,0,132,18,340,39,406,98,456,150,32,164,524,234,0,364,471,409,419,500,79,543,362,581,179,634,281,639,-1,-1,-1,-1
frame_0400.jpg,201,0,300,28,107,25,364,76,22,160,483,194,0,334,436,359,388,443,72,487,334,518,165,566,257,571,-1,-1,-1,-1,-1,-1
frame_0412.jpg,211,0,311,26,113,22,389,63,450,102,23,130,532,173,0,262,470,315,409,385,68,386,340,443,157,457,256,474,-1,-1,-1,-1
frame_0419.jpg,206,0,318,12,406,48,480,83,545,99,13,133,583,146,0,254,516,293,448,362,74,364,374,415,173,430,278,449,-1,-1,-1,-1
frame_0423.jpg,199,0,314,2,411,28,95,35,496,57,575,69,623,114,13,133,0,243,550,269,474,341,72,345,389,396,171,408,283,425,-1,-1
frame_0424.jpg,304,0,189,1,402,22,87,39,489,47,567,58,617,100,9,139,603,172,0,247,551,255,476,329,76,345,393,386,177,405,289,419
frame_0426.jpg,300,0,185,3,398,20,84,42,486,44,567,53,617,94,7,142,603,165,552,249,0,250,478,324,77,345,394,381,178,403,292,415
frame_0427.jpg,303,0,189,2,402,22,491,44,570,56,620,97,7,141,0,249,554,252,481,325,78,345,399,383,181,403,295,416,-1,-1,-1,-1
frame_0434.jpg,311,0,189,8,419,16,518,37,83,52,666,82,5,154,594,246,0,261,514,324,82,352,423,384,191,408,312,419,-1,-1,-1,-1
frame_0436.jpg,175,0,71,45,628,130,1,146,580,215,0,249,503,287,506,293,85,334,419,349,420,354,193,381,195,386,-1,-1,-1,-1,-1,-1
frame_0437.jpg,290,0,175,10,392,12,483,28,569,31,74,54,623,66,616,137,1,155,567,221,0,257,496,298,84,343,414,358,192,392,310,399
frame_0440.jpg,280,0,382,8,165,15,475,21,618,54,69,62,0,160,562,210,2,258,489,287,84,338,407,347,189,384,305,387,-1,-1,-1,-1
frame_0441.jpg,278,0,379,10,166,14,558,25,471,24,614,58,68,59,607,131,0,156,557,212,1,254,487,288,82,336,404,348,187,382,302,387
frame_0443.jpg,278,0,378,10,167,11,469,25,69,55,608,61,0,152,553,213,4,250,0,252,487,287,82,335,405,346,300,388,-1,-1,-1,-1
frame_0444.jpg,275,0,376,8,164,14,552,22,467,21,608,55,68,59,603,128,0,156,555,208,1,253,486,284,83,334,405,344,188,380,303,383
frame_0446.jpg,275,0,375,9,165,13,549,23,466,23,604,56,68,59,598,128,0,155,552,207,2,253,483,283,84,333,404,343,189,378,302,381
frame_0450.jpg,283,0,383,12,169,11,475,28,559,31,71,55,614,66,1,151,556,218,0,250,484,293,81,333,402,351,185,381,300,388,-1,-1
frame_0465.jpg,358,0,223,2,473,25,104,45,731,115,12,156,0,274,643,291,551,372,85,381,451,434,200,449,328,466,-1,-1,-1,-1,-1,-1
frame_0467.jpg,352,0,221,1,463,27,101,42,559,55,705,116,10,152,0,271,625,286,540,365,85,378,444,426,200,444,328,460,-1,-1,-1,-1
frame_0468.jpg,348,0,218,1,460,25,100,43,556,54,643,66,699,112,9,156,682,195,0,279,624,284,541,366,88,388,448,429,204,454,333,467
frame_0469.jpg,354,0,221,1,466,22,101,46,566,50,713,107,9,163,637,283,0,288,552,368,90,397,458,434,209,462,339,473,-1,-1,-1,-1
frame_0472.jpg,372,0,232,2,491,25,106,47,597,54,693,66,754,114,9,166,738,203,677,297,0,295,588,384,96,409,489,452,223,478,361,493
frame_0474.jpg,378,0,236,3,501,25,106,51,607,54,701,66,762,114,6,175,746,203,687,298,0,309,600,388,102,424,501,459,234,492,375,502
frame_0477.jpg,448,0,281,3,593,29,132,54,722,65,840,80,915,137,14,187,0,332,809,350,695,450,106,462,570,525,250,544,416,566,-1,-1
frame_0478.jpg,469,0,296,0,620,32,138,51,756,71,880,88,957,149,16,186,929,255,0,334,841,368,721,468,108,470,587,543,257,556,427,582
frame_0479.jpg,472,0,299,1,625,32,140,53,760,69,886,86,963,146,16,188,937,254,0,337,850,365,730,466,111,472,595,542,261,558,433,581
frame_0485.jpg,531,0,333,9,710,31,871,68,153,70,1024,85,1115,148,14,227,1088,271,0,393,986,401,847,519,128,542,692,609,304,635,504,659
frame_0486.jpg,547,0,343,9,735,31,908,71,161,71,1069,88,19,221,0,381,1027,418,122,530,871,536,700,622,295,630,500,663,-1,-1,-1,-1
frame_0487.jpg,543,0,339,9,731,32,158,70,906,72,1071,89,1174,159,18,217,1144,287,0,376,1030,421,121,526,873,538,701,623,295,627,500,662
frame_0488.jpg,543,0,341,6,728,32,161,64,900,73,1063,90,1164,161,19,212,1134,289,0,371,1019,419,121,521,864,535,694,618,293,621,496,656
frame_0489.jpg,539,0,338,8,724,30,896,68,158,69,1061,84,1161,151,18,217,1134,279,0,377,1022,410,124,525,870,528,701,614,299,623,503,655
frame_0492.jpg,559,0,351,13,756,25,940,60,164,80,1228,140,17,237,1206,274,0,406,1091,419,932,550,130,561,753,646,318,664,538,695,-1,-1
frame_0494.jpg,586,0,369,9,791,33,174,73,986,75,1174,93,1291,170,20,230,1261,312,0,401,1127,458,127,565,952,587,313,678,760,677,-1,-1
frame_0496.jpg,576,0,361,18,784,25,984,60,1181,70,169,88,1304,144,19,246,1275,290,0,413,1138,442,124,568,957,576,759,669,309,675,533,713
frame_0497.jpg,577,0,361,18,789,24,995,60,1199,70,169,89,1326,148,21,246,1297,296,0,412,1155,451,123,570,967,587,306,680,762,682,532,723
frame_0502.jpg,583,0,362,21,800,22,1011,56,1220,63,166,96,1350,140,17,261,1320,294,0,433,1175,453,131,591,986,594,780,692,320,699,549,736
frame_0504.jpg,590,0,372,17,806,25,1018,63,177,87,1362,155,25,245,1330,309,0,413,1177,468,120,574,979,605,302,689,766,698,530,737,-1,-1
frame_0505.jpg,584,0,367,19,801,24,1016,60,1233,68,174,91,1369,149,24,248,1339,306,0,416,1185,469,118,576,984,608,301,692,768,703,529,740
frame_0507.jpg,593,0,374,16,809,28,1022,68,1236,80,178,86,1370,164,25,244,1341,320,0,413,1187,481,120,578,988,620,303,697,773,713,534,749
frame_0511.jpg,634,0,403,21,859,24,1076,59,1290,66,191,99,1424,144,24,274,1401,303,0,459,1256,470,1061,622,138,631,845,732,345,748,595,786
frame_0513.jpg,647,0,879,23,410,24,1104,58,1327,66,195,106,1469,146,25,285,1445,312,0,476,1295,490,1092,648,140,654,867,764,351,777,609,820
frame_0514.jpg,645,0,406,23,879,23,1105,58,1329,66,189,105,1471,147,21,289,1446,314,0,481,1296,491,1095,649,142,659,871,764,356,780,613,820
frame_0515.jpg,652,0,888,25,411,24,1116,61,1342,69,193,108,1484,151,23,288,1455,319,0,480,1300,496,1096,653,142,658,869,767,353,780,611,821
frame_0516.jpg,664,0,421,22,901,28,1130,67,1355,78,200,100,1496,162,26,284,1465,329,0,479,1311,508,143,661,1105,665,878,777,357,787,617,830
frame_0519.jpg,644,0,880,22,404,25,1109,57,1336,63,188,109,1480,146,21,290,1453,313,0,481,1299,492,1094,650,143,657,868,763,354,777,612,818
frame_0521.jpg,620,0,850,21,388,26,1072,53,1292,58,180,108,1432,136,20,286,1406,298,0,471,1257,473,1059,627,141,641,841,738,345,755,594,793
frame_0522.jpg,604,0,829,19,376,26,1047,50,1264,54,174,107,1402,132,18,281,1376,291,0,460,1230,462,1035,613,135,626,821,723,334,738,578,776
frame_0524.jpg,588,0,805,20,366,24,1013,51,1219,57,168,103,1348,129,16,274,1324,284,1186,446,0,450,1003,592,136,612,800,698,332,718,568,751
frame_0526.jpg,559,0,767,17,346,23,966,44,156,100,1287,117,1266,264,14,265,1135,421,0,434,962,561,133,587,769,663,322,686,548,716,-1,-1
frame_0528.jpg,528,0,728,11,324,28,919,33,1229,94,144,106,1213,233,9,268,1094,388,0,431,933,527,132,574,751,630,319,666,538,688,-1,-1
frame_0530.jpg,517,0,711,13,317,27,1078,33,897,34,1194,94,138,103,1179,228,8,262,1064,378,0,423,909,513,132,562,734,614,315,650,529,670
frame_0535.jpg,536,0,726,16,336,22,905,40,1077,41,154,94,1187,102,1173,231,14,253,1065,375,0,415,916,507,133,560,744,609,321,650,536,667
frame_0536.jpg,536,0,728,19,334,21,908,48,1192,116,1171,250,12,252,1056,393,0,416,902,523,130,561,729,620,313,653,526,675,-1,-1,-1,-1
frame_0537.jpg,524,0,719,18,323,20,902,46,1080,51,142,91,1192,115,1171,250,9,247,1053,392,0,407,896,519,130,548,722,613,311,638,520,662
frame_0539.jpg,530,0,329,14,721,24,898,57,147,83,1174,132,10,238,1035,400,0,399,882,523,131,543,714,613,309,634,516,660,-1,-1,-1,-1
frame_0540.jpg,520,0,322,17,708,21,883,50,1050,58,142,86,1153,121,9,241,1129,249,1016,385,0,397,866,506,130,536,701,596,306,623,508,644
frame_0541.jpg,506,0,312,15,686,23,851,53,1009,62,137,81,6,233,989,370,0,389,850,488,132,525,696,577,311,609,510,628,-1,-1,-1,-1
frame_0542.jpg,508,0,316,13,683,24,844,54,995,63,141,75,1087,122,7,224,1070,237,972,362,0,378,839,475,131,514,689,562,308,596,506,612
frame_0545.jpg,510,0,321,9,684,26,844,60,148,68,995,72,1087,133,13,210,1064,249,0,361,961,371,822,481,123,498,668,563,292,584,485,607
frame_0549.jpg,491,0,313,3,652,30,147,54,799,65,936,80,1020,138,16,187,998,245,0,331,902,356,774,457,116,463,630,532,276,547,459,571
frame_0551.jpg,440,0,273,11,599,21,748,50,893,59,123,66,982,115,10,193,961,225,0,326,860,339,728,440,103,445,584,514,248,525,417,550
frame_0555.jpg,436,1,279,0,580,30,134,42,713,64,841,80,917,135,18,153,894,231,0,276,801,331,93,395,679,416,229,475,544,477,389,505
frame_0557.jpg,398,0,245,11,543,18,681,43,817,50,110,63,900,102,10,178,879,203,0,296,784,309,661,402,91,406,527,468,375,500,-1,-1
frame_0560.jpg,386,0,244,6,522,20,649,46,114,50,777,57,851,105,13,156,834,199,0,269,746,296,86,375,632,382,505,443,210,447,359,472
frame_0564.jpg,372,0,235,9,502,16,624,37,745,45,110,53,818,88,13,158,806,176,0,268,727,273,621,360,87,370,500,423,211,437,359,457
frame_0566.jpg,366,0,229,14,493,16,613,35,730,39,107,61,803,80,794,169,11,166,721,264,0,277,620,353,89,377,502,420,215,441,363,458
frame_0568.jpg,367,0,230,11,495,15,615,35,730,40,105,58,800,82,9,163,786,170,713,263,0,273,611,348,88,371,495,411,214,433,358,448
frame_0570.jpg,364,0,227,11,493,16,613,37,103,57,800,87,8,164,787,174,710,268,0,273,607,353,90,372,491,417,213,434,354,452,-1,-1
frame_0572.jpg,353,0,218,12,481,14,601,32,719,36,96,61,789,78,777,165,6,165,701,259,0,273,599,344,89,368,486,407,212,428,352,442
frame_0574.jpg,364,0,229,7,489,18,606,41,720,49,105,48,788,94,11,148,775,178,0,255,698,268,595,347,85,352,480,406,205,417,345,436
frame_0575.jpg,362,0,228,7,489,16,606,38,721,45,105,51,789,88,10,153,776,173,0,261,699,264,598,346,87,359,484,407,208,422,349,439
frame_0578.jpg,363,0,226,10,492,17,613,39,730,45,103,55,802,91,9,158,786,179,0,267,706,273,601,356,87,366,484,417,208,430,348,448
frame_0580.jpg,366,0,226,11,498,16,622,37,100,58,818,89,8,167,802,179,718,277,0,277,610,364,88,377,491,426,211,440,353,458,-1,-1
frame_0582.jpg,375,0,230,12,511,18,640,42,765,47,102,62,841,97,6,172,825,189,820,193,0,286,737,291,625,379,91,388,503,442,216,455
frame_0586.jpg,405,0,253,7,549,21,686,49,118,53,822,60,904,114,14,163,880,215,0,280,782,318,87,390,656,407,214,466,520,468,366,495
frame_0587.jpg,408,0,255,7,553,21,690,50,119,53,825,60,907,113,14,165,885,214,0,283,789,317,90,394,663,406,527,470,218,469,373,497
frame_0588.jpg,412,0,258,8,558,21,696,49,119,57,830,59,911,113,13,172,891,213,0,293,796,318,93,405,673,409,538,476,226,482,383,507
frame_0589.jpg,421,0,262,13,572,22,712,48,851,54,119,65,934,108,11,185,912,214,0,310,815,322,689,418,98,423,552,487,234,498,395,521
frame_0590.jpg,430,0,271,8,583,23,726,52,127,57,868,63,954,117,14,173,0,297,828,330,93,414,698,425,555,492,229,493,393,522,-1,-1
frame_0595.jpg,431,0,596,13,263,19,757,35,916,37,117,80,1017,94,10,205,996,209,0,332,889,334,748,441,100,448,593,519,243,528,417,554
frame_0597.jpg,440,0,611,13,268,19,777,36,942,37,120,81,1034,95,11,206,1020,214,0,334,912,341,100,452,763,451,602,529,244,533,422,562
frame_0598.jpg,443,0,616,13,269,19,784,37,951,41,120,80,11,206,1023,220,0,334,921,346,100,453,770,456,607,532,246,535,425,566,-1,-1
frame_0600.jpg,432,0,597,13,263,20,756,35,912,37,115,82,1010,92,991,207,8,210,886,330,0,339,748,438,103,455,596,517,249,532,423,555
frame_0602.jpg,438,0,602,15,267,17,759,40,911,43,117,78,1007,100,7,209,988,215,885,337,0,342,749,445,105,461,600,523,253,539,428,563
frame_0607.jpg,462,0,286,14,631,18,791,45,946,52,129,75,1043,111,11,209,1023,229,0,348,919,353,779,462,110,474,625,543,264,558,447,583
frame_0610.jpg,479,0,659,15,293,21,832,40,1000,43,130,88,1106,103,1086,229,9,230,972,363,0,375,822,483,115,504,657,569,276,589,468,613
frame_0611.jpg,492,0,676,17,301,21,853,43,1027,47,135,89,1137,109,11,232,995,373,0,377,840,493,115,507,669,579,278,594,475,622,-1,-1
frame_0614.jpg,521,0,326,13,713,25,900,60,154,74,1089,73,1205,145,22,212,1173,281,0,358,1034,419,106,499,857,536,264,601,669,615,463,644
frame_0615.jpg,521,0,325,14,714,24,903,59,1094,73,153,75,1213,146,20,213,1182,283,0,360,1044,422,105,502,866,542,265,605,675,621,466,650
frame_0617.jpg,519,0,712,19,321,19,902,49,1091,55,147,88,1209,124,16,232,1181,262,0,382,1048,404,113,522,876,529,690,616,280,619,483,654
frame_0622.jpg,507,0,707,13,310,28,909,38,1118,40,140,100,1248,109,15,248,1222,258,0,397,1072,415,109,535,885,547,272,634,688,635,475,672
frame_0629.jpg,459,0,642,7,1018,20,827,24,282,30,1140,79,125,104,1125,217,10,247,995,370,0,390,829,502,105,519,650,593,261,608,452,637
frame_0632.jpg,431,0,607,1,985,2,789,12,264,33,1107,58,119,107,1092,200,12,245,956,356,0,380,788,489,95,503,609,579,238,590,418,621
frame_0636.jpg,752,0,559,3,383,16,1112,25,226,62,96,143,1100,182,6,278,948,361,0,405,764,506,85,520,577,599,216,604,386,637,-1,-1
frame_0637.jpg,956,0,743,27,553,30,379,44,1100,53,225,90,95,171,1088,210,5,306,937,386,0,434,755,531,85,549,571,624,215,631,382,664
frame_0638.jpg,949,0,735,31,547,37,1090,48,373,53,220,102,92,185,1081,208,2,323,933,389,0,451,753,538,85,566,570,635,216,648,384,678
frame_0639.jpg,959,0,740,32,547,40,374,56,1108,53,220,105,93,185,1093,218,0,326,934,402,746,551,75,569,557,647,201,654,368,687,-1,-1
frame_0642.jpg,960,0,729,37,532,46,1118,54,361,64,216,115,94,198,1103,232,8,332,927,427,0,456,69,571,724,579,185,659,529,670,342,700
frame_0643.jpg,952,0,722,39,525,49,1111,52,357,70,213,121,1096,230,8,338,921,426,0,462,71,576,721,579,186,664,528,672,344,703,-1,-1
frame_0644.jpg,924,0,698,44,1082,51,508,59,342,82,204,138,86,224,1073,229,6,361,907,432,0,488,717,592,73,603,189,690,529,690,345,727
frame_0654.jpg,894,0,1062,47,666,61,477,84,318,116,189,177,1060,240,78,269,4,410,889,464,0,538,696,639,70,655,179,744,508,744,331,782
frame_0655.jpg,909,0,1080,47,676,60,485,85,324,116,195,178,1081,245,83,271,7,415,906,476,0,547,708,656,67,668,177,762,515,765,331,804
frame_0656.jpg,932,0,1111,50,688,59,493,82,332,113,200,174,88,267,1109,259,8,412,922,498,0,546,64,674,715,682,171,774,512,790,327,824
frame_0657.jpg,930,0,1114,47,683,64,485,89,324,122,195,185,1116,266,86,278,8,423,924,511,0,558,64,685,712,699,169,787,508,807,320,840
frame_0659.jpg,946,0,696,54,1126,57,500,74,335,100,204,160,91,250,1117,275,11,394,915,513,0,528,59,657,699,691,162,761,496,791,312,816
frame_0661.jpg,940,0,712,42,521,53,1098,57,355,73,217,128,96,217,1084,251,9,363,905,467,0,499,68,625,707,633,180,722,515,733,333,767
frame_0666.jpg,922,0,725,35,542,43,1058,48,370,60,218,112,88,202,1053,205,0,350,920,388,1,486,758,541,96,603,587,647,234,680,405,700
frame_0671.jpg,487,0,685,7,1105,21,889,25,299,33,1246,89,136,110,1223,245,14,259,0,409,1069,413,103,548,878,553,262,649,677,649,463,688
frame_0672.jpg,494,0,694,9,901,28,301,33,1258,90,133,112,1238,246,9,265,0,418,1089,417,108,560,899,560,697,658,273,661,479,700,-1,-1
frame_0674.jpg,1168,1,510,0,725,1,943,13,305,42,1315,66,129,133,1295,229,5,299,1145,407,0,460,953,563,125,601,748,670,304,694,524,723
frame_0677.jpg,551,0,779,10,1005,32,328,37,1379,102,136,128,1352,270,3,306,1193,449,0,479,996,602,138,630,787,708,329,730,557,761,-1,-1
frame_0678.jpg,555,0,786,12,1249,34,330,36,1015,38,1394,113,139,127,1358,283,4,305,1192,464,0,477,988,615,133,630,775,718,321,732,545,766
frame_0679.jpg,539,0,774,8,1255,23,1011,30,314,39,1407,103,125,134,1372,275,0,311,1202,460,1,481,993,612,138,628,778,716,323,728,547,762
frame_0685.jpg,564,0,817,11,1330,28,1070,35,321,40,1487,116,123,144,1439,297,0,335,1255,486,16,512,1039,639,167,660,823,741,364,756,591,787
frame_0700.jpg,847,0,571,1,1119,15,310,50,1559,79,104,173,0,381,1332,453,46,555,1122,609,911,719,442,763,681,781,-1,-1,-1,-1,-1,-1
frame_0701.jpg,1392,0,577,5,852,6,1121,19,315,54,1556,83,108,173,1510,259,0,380,1332,457,40,558,1121,614,220,693,909,727,438,772,677,786
frame_0704.jpg,1411,0,584,7,863,6,1137,20,319,54,1576,86,110,177,1529,265,0,389,1346,464,43,566,1135,623,227,703,921,737,447,784,688,797
frame_0706.jpg,1404,0,851,19,571,23,1127,28,306,78,1575,88,100,207,1527,270,0,418,1345,474,47,595,1133,635,233,725,920,750,451,801,689,812
frame_0707.jpg,854,0,574,6,1133,10,308,62,1582,68,102,190,1532,254,0,401,1345,457,47,576,1130,619,230,708,916,733,447,783,684,795,-1,-1
frame_0709.jpg,1407,0,849,21,568,29,1127,28,306,84,1578,84,102,211,1530,269,0,421,1344,476,46,595,1129,638,228,728,914,751,444,803,683,813
frame_0711.jpg,1413,0,847,18,568,24,1129,27,305,80,1585,86,102,204,1534,272,0,412,1343,479,44,584,1123,639,223,717,906,750,437,795,673,809
frame_0716.jpg,565,0,833,6,1365,11,1097,25,310,43,1524,100,108,156,1473,275,0,356,1290,466,36,529,1080,615,208,666,870,719,415,749,644,769
frame_0718.jpg,550,1,1292,0,797,4,1043,19,312,44,1448,82,117,151,1410,250,0,341,1241,436,22,510,1040,588,180,648,834,697,381,732,608,751
frame_0719.jpg,545,0,784,5,1259,10,1020,23,313,40,1409,87,121,142,1380,252,0,329,1222,437,17,500,1029,589,172,642,825,698,372,731,601,753
frame_0720.jpg,546,0,778,7,1233,14,1006,25,320,39,1378,89,126,138,1353,253,0,323,1202,435,8,498,1013,589,158,644,812,699,357,736,587,758
frame_0722.jpg,534,0,753,5,969,21,320,37,1330,78,134,127,1311,237,3,300,1169,413,0,469,983,566,136,616,781,678,328,711,555,735,-1,-1
frame_0723.jpg,546,0,758,7,1177,18,967,25,336,35,1313,83,150,123,1297,236,11,293,1161,409,0,464,980,562,132,614,780,676,323,711,553,736
frame_0725.jpg,530,0,748,2,964,18,318,39,1324,73,134,128,1307,232,4,300,1164,409,0,467,978,564,134,614,777,676,324,708,550,734,-1,-1
frame_0727.jpg,531,0,750,4,1194,12,970,22,318,39,1339,80,136,129,1317,247,6,299,1166,422,0,465,972,577,128,612,765,686,313,709,537,740
frame_0728.jpg,532,0,752,5,972,23,320,38,1343,85,137,128,1320,248,6,296,1167,425,0,463,972,580,129,610,764,688,312,709,535,740,-1,-1
frame_0729.jpg,531,0,750,5,972,22,319,40,1343,81,136,130,1320,245,6,298,1167,423,0,463,971,578,126,610,762,687,310,708,534,738,-1,-1
frame_0734.jpg,1149,0,714,17,930,22,498,25,1295,61,292,74,118,172,1282,221,0,344,1145,403,3,506,963,564,136,643,765,683,323,729,544,746
frame_0739.jpg,495,0,686,9,681,14,298,31,870,27,1164,86,3,261,1025,365,0,414,870,496,124,544,698,591,299,626,501,645,-1,-1,-1,-1
frame_0740.jpg,466,0,652,3,1008,6,831,16,280,35,1123,60,118,115,1111,192,2,268,999,340,0,416,849,474,124,541,683,574,294,618,492,632
frame_0743.jpg,427,0,595,11,259,24,763,27,1042,81,115,89,8,219,909,339,0,349,760,454,100,467,599,535,244,547,420,575,-1,-1,-1,-1
frame_0746.jpg,417,0,573,8,259,22,875,23,724,25,971,71,117,84,961,181,9,210,863,304,0,337,732,415,99,451,585,498,243,524,416,543
frame_0750.jpg,381,0,531,3,830,9,679,14,231,26,923,52,98,89,914,160,3,212,818,281,0,331,693,390,97,435,554,471,234,501,396,515
frame_0752.jpg,377,0,525,5,671,13,229,27,908,50,99,90,3,212,809,279,0,333,689,388,97,436,553,469,235,501,396,515,-1,-1,-1,-1
frame_0753.jpg,799,0,510,6,363,8,655,12,216,39,892,40,89,107,888,146,0,231,799,269,0,349,681,380,99,447,549,464,236,507,394,514
frame_0754.jpg,799,0,512,1,365,0,656,10,219,29,892,42,92,95,886,147,0,217,797,269,1,335,678,379,98,435,545,460,233,497,391,508
frame_0757.jpg,521,0,668,10,222,22,898,50,93,87,0,211,796,277,0,331,677,383,100,431,544,461,235,495,392,506,-1,-1,-1,-1,-1,-1
frame_0759.jpg,377,0,523,8,229,21,665,24,893,67,98,79,882,171,4,198,789,284,0,314,669,384,96,416,536,457,229,481,384,497,-1,-1
frame_0760.jpg,381,0,523,8,236,20,661,24,884,67,105,75,873,166,8,190,782,278,0,304,663,377,91,406,530,449,222,471,376,488,-1,-1
frame_0763.jpg,364,0,638,15,634,21,225,27,102,81,8,196,768,268,0,308,653,371,88,407,521,446,216,472,369,488,-1,-1,-1,-1,-1,-1
frame_0778.jpg,845,0,692,13,545,13,395,20,941,32,247,57,113,124,943,139,9,249,856,267,0,371,732,389,95,474,587,484,239,540,414,543
frame_0779.jpg,843,0,691,18,541,18,391,26,945,33,243,65,111,133,949,145,9,258,860,275,0,382,734,401,95,485,586,498,238,550,413,557
frame_0782.jpg,707,0,550,3,396,13,973,15,244,54,109,125,977,130,7,254,883,266,0,379,751,396,97,484,599,495,243,549,422,554,-1,-1
frame_0785.jpg,891,0,730,21,571,25,1002,33,412,38,254,82,1009,148,114,155,917,287,7,289,0,419,785,421,103,526,631,526,259,591,446,593
frame_0787.jpg,911,0,746,23,1026,30,583,31,419,47,260,95,1035,147,117,172,944,291,8,309,811,433,0,442,651,544,106,551,267,615,461,616
frame_0790.jpg,791,0,620,6,1082,7,450,21,285,70,1096,129,134,148,1002,278,15,288,0,427,861,426,691,543,108,545,277,616,486,619,-1,-1
frame_0792.jpg,664,0,843,1,485,12,1152,19,309,56,149,132,1159,145,19,271,1056,298,0,416,904,444,109,541,720,561,283,622,503,631,-1,-1
frame_0804.jpg,701,0,925,8,1349,25,1141,24,469,36,1500,69,249,107,1520,210,51,261,1420,371,0,444,1246,538,145,617,1016,675,398,738,716,760
frame_0809.jpg,736,0,969,8,1418,30,1198,28,496,35,1579,79,270,102,1602,223,62,255,1497,386,0,437,1310,560,142,619,1061,698,400,751,737,782
frame_0810.jpg,752,0,986,10,511,31,1213,34,1594,89,280,97,1613,236,67,244,1505,398,0,428,1314,569,138,614,1062,706,396,752,736,787,-1,-1
frame_0811.jpg,753,0,987,12,511,32,1215,37,285,92,1596,95,1616,240,67,245,1507,404,0,428,1316,574,138,614,1061,710,395,752,735,789,-1,-1
frame_0812.jpg,748,0,984,9,1216,28,506,36,1603,81,278,107,1624,232,65,255,1512,397,0,439,1317,572,136,623,1060,712,393,760,732,795,-1,-1
frame_0830.jpg,785,0,1029,12,534,31,294,97,1684,252,70,254,1578,425,0,446,1385,608,148,646,1125,752,422,796,782,837,-1,-1,-1,-1,-1,-1
frame_0834.jpg,805,0,1050,18,551,29,1287,44,1515,56,305,94,1682,111,75,247,1704,263,1597,430,0,442,1400,609,145,643,1134,754,422,797,786,838
frame_0836.jpg,790,0,1038,16,535,32,1280,43,293,98,1683,112,69,255,1703,268,1590,442,0,451,1386,624,144,652,1118,766,414,802,771,847,-1,-1
frame_0837.jpg,786,0,1029,22,535,20,1265,54,294,80,71,232,1670,283,0,423,1554,450,1350,623,140,622,1086,755,401,774,749,825,-1,-1,-1,-1
frame_0838.jpg,786,0,539,15,1022,27,301,67,1251,65,1473,85,1630,150,76,212,1641,302,0,401,1523,466,132,605,1322,631,1060,759,387,764,728,822
frame_0839.jpg,768,0,524,16,1003,25,1232,65,290,68,1613,153,72,211,1619,306,0,399,1494,470,127,598,1288,634,370,756,1027,757,700,816,-1,-1
frame_0842.jpg,651,0,877,14,427,26,1101,44,1326,53,221,90,1479,120,44,239,0,413,1352,447,120,588,1147,609,331,722,903,725,613,776,-1,-1
frame_0843.jpg,633,0,855,15,409,29,1075,43,1441,118,36,257,1437,272,0,432,1305,439,1110,597,126,603,878,714,336,727,605,772,-1,-1,-1,-1
frame_0845.jpg,651,0,423,15,866,32,1074,71,1412,165,39,232,1395,313,0,408,1261,470,127,585,1072,613,334,712,851,716,593,762,-1,-1,-1,-1
frame_0849.jpg,645,0,421,5,858,37,212,61,1058,84,1254,108,1378,184,37,214,1352,328,0,390,1218,477,129,566,1031,609,328,691,821,702,576,742
frame_0852.jpg,409,0,622,6,209,44,822,52,1011,106,1199,139,40,184,1309,217,1275,354,0,352,1137,488,114,525,956,604,297,653,753,683,524,710
frame_0853.jpg,386,0,591,2,786,43,196,48,971,93,1158,122,36,185,1269,197,1237,333,0,345,1101,468,109,509,921,584,281,631,724,662,500,687
frame_0859.jpg,517,0,335,0,689,34,166,46,852,76,1016,100,1112,163,28,170,1086,282,0,312,967,401,101,454,813,504,256,557,642,574,449,601
frame_0863.jpg,514,0,326,6,695,31,154,60,867,70,1035,87,1138,157,19,196,1108,281,0,343,985,407,108,484,826,516,267,582,655,591,460,621
frame_0865.jpg,526,0,328,8,715,28,897,66,151,69,1078,80,1186,153,17,210,1150,283,0,359,1015,418,111,500,847,530,272,599,667,608,468,639
frame_0866.jpg,524,0,323,12,718,27,905,63,1091,74,145,78,1200,148,13,224,1162,280,0,374,1023,418,113,511,850,532,275,605,669,610,470,642
frame_0870.jpg,497,0,300,14,691,24,878,56,1067,66,129,80,1178,137,7,223,0,366,1000,401,113,496,829,512,270,585,652,588,458,619,-1,-1
frame_0871.jpg,507,0,309,8,695,28,875,63,137,71,1055,77,1162,146,8,215,1127,271,0,362,997,401,118,496,834,510,281,588,662,587,472,618
frame_0872.jpg,505,0,308,12,695,23,875,54,1054,62,134,79,1160,129,8,226,1128,254,0,374,999,387,838,502,119,507,667,584,283,593,475,622
frame_0877.jpg,493,0,695,6,1073,11,886,22,286,32,1186,77,112,122,1155,209,0,287,1026,360,11,439,869,488,148,557,702,583,320,626,514,637
frame_0882.jpg,704,0,491,3,905,10,279,45,1224,56,105,143,1190,194,0,314,1057,354,19,464,892,489,160,577,720,588,335,641,530,647,-1,-1
frame_0883.jpg,700,0,487,3,905,7,274,47,1228,49,100,149,1196,187,0,323,1064,351,22,471,899,488,165,583,728,590,341,644,537,648,-1,-1
frame_0887.jpg,1079,0,693,13,486,17,889,20,1199,60,277,60,104,158,0,329,1046,352,20,479,890,486,725,589,164,591,536,652,343,649,340,652
frame_0888.jpg,1062,0,683,17,876,20,479,23,1180,53,273,68,102,169,0,342,1041,345,892,482,22,493,731,588,169,602,546,655,349,659,-1,-1
frame_0892.jpg,1088,0,700,7,493,9,896,15,281,51,1204,59,106,150,1175,194,0,324,1050,351,21,476,894,486,729,589,167,590,346,651,542,652
frame_0894.jpg,1082,0,700,7,495,6,895,17,283,45,1197,61,106,140,1171,193,0,314,1049,346,22,465,895,478,733,577,351,639,547,638,-1,-1
frame_0902.jpg,501,0,688,14,305,22,861,37,1131,95,129,98,2,258,1005,359,0,415,863,485,133,548,702,582,311,625,513,639,-1,-1,-1,-1
frame_0906.jpg,524,0,712,18,319,21,135,98,1149,108,2,265,1020,373,0,432,878,501,141,568,719,598,325,646,529,657,-1,-1,-1,-1,-1,-1
frame_0907.jpg,523,0,712,15,318,22,1047,39,885,39,1147,98,133,103,1127,220,0,275,1026,359,3,443,890,488,152,578,736,590,341,650,547,655
frame_0912.jpg,535,0,728,15,330,25,909,40,1193,102,146,102,8,269,1082,384,0,440,936,525,141,589,767,634,336,681,558,698,-1,-1,-1,-1
frame_0913.jpg,528,0,720,13,323,29,1071,35,900,34,1181,92,142,107,1171,223,6,272,1072,371,0,443,930,510,142,586,763,619,337,673,558,685
frame_0915.jpg,526,0,719,13,323,27,902,35,1075,35,1191,94,143,102,1181,226,8,265,1080,376,0,433,935,514,140,579,765,622,333,669,556,686
frame_0919.jpg,545,0,344,17,728,22,893,50,158,88,1144,114,11,252,1047,373,0,430,919,505,148,581,765,611,350,670,568,679,-1,-1,-1,-1
frame_0923.jpg,554,0,343,19,731,28,155,90,6,269,1062,393,1058,396,0,463,942,534,164,628,798,649,377,721,604,726,-1,-1,-1,-1,-1,-1
frame_0924.jpg,552,0,351,6,726,30,876,67,161,71,1011,83,1097,142,10,243,1088,261,1019,393,0,438,906,524,158,605,768,632,367,698,586,705
frame_0925.jpg,554,0,356,0,718,38,167,58,861,78,985,97,1070,157,15,226,1057,272,992,399,0,422,883,524,158,593,752,628,361,689,574,698
frame_0927.jpg,370,0,567,9,724,52,178,54,857,97,968,118,1045,179,14,232,979,417,0,445,884,542,173,629,765,650,598,729,385,727,-1,-1
frame_0928.jpg,390,0,582,18,197,45,736,70,862,122,973,150,1043,214,26,217,0,438,971,452,162,638,754,685,370,748,581,757,-1,-1,-1,-1
frame_0932.jpg,329,0,168,27,490,33,610,94,704,152,21,191,834,246,0,415,777,456,705,566,145,616,617,662,319,722,489,731,-1,-1,-1,-1
frame_0944.jpg,228,0,355,18,109,33,449,60,523,102,584,120,628,171,9,170,581,343,0,340,523,433,106,486,456,510,233,562,359,565,-1,-1
frame_0950.jpg,240,0,360,25,122,23,446,72,518,116,576,139,20,143,615,190,0,295,553,348,489,425,88,435,416,489,199,514,-1,-1,-1,-1
frame_0953.jpg,247,0,130,19,363,28,451,77,520,122,24,132,580,145,0,279,547,353,82,418,479,426,404,485,190,500,305,520,-1,-1,-1,-1
frame_0957.jpg,237,0,353,21,127,23,445,63,523,105,590,129,26,125,634,180,0,255,558,336,70,384,480,409,395,464,172,467,288,494,-1,-1
frame_0960.jpg,213,0,323,15,108,27,411,52,486,88,551,106,19,129,592,155,0,254,527,306,73,372,458,378,381,435,171,446,283,466,-1,-1
frame_0961.jpg,207,0,316,14,105,26,401,48,473,83,536,102,17,127,577,147,0,251,515,295,449,367,71,367,375,424,170,439,278,457,-1,-1
frame_0969.jpg,168,0,266,5,342,32,81,30,409,58,507,109,10,121,0,225,451,242,394,304,63,318,328,357,152,372,148,376,241,390,-1,-1
frame_0972.jpg,185,0,279,12,97,23,353,41,417,71,476,86,19,106,510,126,0,206,448,252,57,301,383,311,315,357,138,362,229,382,-1,-1
frame_0981.jpg,164,0,257,0,335,20,333,25,78,31,399,45,497,88,10,118,444,217,0,215,387,280,62,301,322,330,145,352,237,362,-1,-1
frame_0987.jpg,171,0,265,7,341,28,83,29,406,52,501,99,13,115,0,211,447,224,389,285,62,299,321,334,146,351,238,362,-1,-1,-1,-1
frame_0992.jpg,175,0,275,2,273,8,354,29,84,29,10,117,508,164,0,216,467,231,406,291,65,306,337,343,153,360,251,372,-1,-1,-1,-1
frame_0997.jpg,187,0,283,14,98,21,360,43,20,104,512,135,0,204,444,257,55,300,379,316,308,359,135,359,133,363,223,381,-1,-1,-1,-1
frame_0999.jpg,193,0,105,16,283,18,350,52,408,87,27,94,487,149,0,192,415,268,45,290,352,321,115,355,282,363,201,379,-1,-1,-1,-1
frame_1011.jpg,151,0,236,7,302,34,361,59,440,114,9,125,0,234,389,248,337,313,55,329,131,382,127,388,210,395,-1,-1,-1,-1,-1,-1
frame_1013.jpg,152,0,238,8,305,34,361,62,411,74,444,114,11,125,0,234,392,248,339,313,56,330,285,369,131,386,211,396,-1,-1,-1,-1
frame_1022.jpg,184,0,280,14,355,46,417,78,470,94,19,123,503,139,484,201,0,237,441,275,381,340,59,341,316,391,141,405,-1,-1,-1,-1
frame_1026.jpg,193,0,295,13,97,29,374,47,439,81,499,100,17,132,534,142,0,256,474,287,414,358,69,368,346,414,160,435,260,449,-1,-1
frame_1033.jpg,167,0,274,2,358,28,73,41,429,56,490,67,532,111,2,157,483,269,0,286,426,348,80,392,363,412,177,450,278,455,-1,-1
frame_1047.jpg,255,0,402,2,523,34,116,46,623,68,712,81,8,180,754,216,701,317,0,332,620,410,113,461,526,486,254,531,401,536,-1,-1
frame_1051.jpg,304,0,472,5,612,39,144,47,734,76,912,146,15,185,827,348,0,344,727,448,125,484,611,528,286,566,458,578,-1,-1,-1,-1
frame_1059.jpg,568,0,355,18,767,24,1116,70,165,84,1242,124,15,243,1162,411,0,426,1026,558,154,599,852,674,374,714,625,741,-1,-1,-1,-1
frame_1071.jpg,712,0,478,9,929,33,254,60,1135,75,1325,97,1463,160,52,206,1475,300,0,400,1388,451,1229,607,158,605,1018,730,417,753,732,799
frame_1074.jpg,727,0,495,5,941,34,269,50,1142,77,1329,101,1463,164,61,187,1474,300,0,374,1384,444,150,576,1224,592,1011,708,408,724,723,772
frame_1076.jpg,479,0,933,13,1144,45,1485,121,55,196,1500,259,0,376,1407,408,1241,561,151,567,1021,682,407,708,726,751,-1,-1,-1,-1,-1,-1
frame_1077.jpg,739,0,504,17,959,23,1167,55,1363,70,275,71,1507,124,62,215,1531,259,0,404,1449,407,1290,568,154,598,1069,699,427,740,765,778
frame_1078.jpg,769,0,529,11,994,31,294,57,1206,71,1408,91,1554,151,73,194,1573,290,0,382,1481,437,146,584,1309,594,1076,719,417,738,760,788
frame_1080.jpg,805,0,556,10,1037,32,313,53,1259,73,1623,158,81,184,1644,299,0,368,1549,447,146,574,1370,603,1122,728,424,734,785,793,-1,-1
frame_1081.jpg,819,0,570,9,1054,33,326,50,1278,72,1647,157,87,183,1668,299,0,369,1573,447,142,578,1389,607,1134,735,420,742,789,800,-1,-1
frame_1082.jpg,732,0,480,12,971,32,236,56,1202,73,1423,98,1584,159,0,189,1606,307,1504,461,48,587,1313,625,1050,753,323,754,696,819,-1,-1
frame_1083.jpg,812,0,558,20,1053,25,1288,60,314,69,1512,79,1678,139,82,207,1704,284,0,394,1603,441,141,597,1412,608,1148,742,422,758,793,814
frame_1086.jpg,815,0,562,15,1058,28,316,62,1291,67,1513,89,1676,151,82,200,1699,298,0,387,1594,455,142,595,1402,620,1139,750,420,758,788,817
frame_1090.jpg,819,0,565,11,1060,34,319,55,1293,77,1516,105,1677,171,84,187,1695,319,0,374,1585,475,135,583,1387,636,405,752,1119,762,768,820
frame_1093.jpg,775,0,1021,15,518,25,1262,46,280,86,63,242,0,433,1568,450,1366,626,149,634,1103,761,415,783,764,832,-1,-1,-1,-1,-1,-1
frame_1095.jpg,748,0,984,20,497,21,1212,53,263,81,1584,129,54,238,1598,278,0,432,1491,440,1305,606,155,626,1065,736,421,769,752,808,-1,-1
frame_1096.jpg,741,0,497,11,968,35,266,62,1186,77,58,207,1544,311,0,395,1439,464,150,594,1260,615,1025,733,406,740,725,792,-1,-1,-1,-1
frame_1097.jpg,729,1,491,0,263,41,948,45,1153,95,57,182,1479,197,1477,337,0,366,1371,479,146,567,1196,619,391,716,976,724,693,773,-1,-1
frame_1100.jpg,666,0,444,6,875,35,234,53,1071,78,1263,104,1387,169,47,193,1379,306,0,369,1265,449,132,551,1092,585,349,684,882,685,620,733
frame_1101.jpg,634,0,417,13,842,26,1042,63,216,70,1236,77,1370,143,42,211,1363,284,0,381,1246,431,129,555,1069,572,858,676,338,680,600,725
frame_1102.jpg,623,0,409,10,827,32,209,62,1023,72,1212,91,1340,159,38,201,1331,297,0,372,1215,441,127,545,1041,576,331,672,836,674,586,719
frame_1103.jpg,427,0,641,2,224,43,839,42,1026,90,1205,117,44,177,1323,187,1309,320,0,348,1194,453,127,525,1024,579,329,655,824,669,580,708
frame_1105.jpg,636,1,426,0,836,40,227,44,1027,89,50,172,1318,329,0,336,1185,465,107,509,1000,589,296,643,787,674,541,704,-1,-1,-1,-1
frame_1107.jpg,572,0,374,15,769,24,964,59,190,69,1293,139,35,201,0,353,1153,423,106,515,971,556,285,636,762,648,518,687,-1,-1,-1,-1
frame_1110.jpg,574,0,775,13,374,23,980,41,190,85,1333,113,37,223,1320,259,0,378,1177,417,101,531,979,560,276,647,756,657,508,697,-1,-1
frame_1112.jpg,581,0,783,13,384,25,992,39,202,88,1360,112,45,223,1339,267,0,376,1175,431,88,531,960,576,249,650,727,670,476,705,-1,-1
frame_1114.jpg,1168,0,715,2,518,7,929,11,335,47,1330,56,171,119,1314,221,35,256,0,400,1138,405,74,540,910,562,219,651,672,664,427,701
frame_1119.jpg,1045,0,1214,38,803,42,602,60,427,86,276,144,140,226,1205,216,31,361,1017,426,0,493,788,604,57,616,172,714,561,715,345,757
frame_1123.jpg,1028,0,794,37,598,47,1189,45,429,68,280,120,145,198,1171,225,34,329,974,424,0,459,51,584,747,592,157,683,525,694,319,729
frame_1126.jpg,1047,0,805,28,609,32,438,47,1206,50,290,95,154,170,1181,232,37,297,0,427,975,431,45,554,739,592,144,659,511,686,305,713
frame_1128.jpg,1031,0,800,26,609,28,439,40,1186,51,290,84,154,157,1161,230,37,283,0,414,961,423,44,540,730,579,143,643,508,671,304,697
frame_1132.jpg,1037,0,615,23,806,23,446,34,1194,55,295,77,159,149,1168,231,40,275,0,406,967,423,45,535,736,578,144,641,513,671,306,697
frame_1134.jpg,1044,0,617,19,811,22,449,28,1200,57,298,70,159,140,1172,236,41,265,0,394,968,425,45,525,734,578,143,631,509,667,303,689
frame_1135.jpg,1047,0,617,16,446,23,812,21,1205,59,295,65,1174,240,39,263,0,394,965,431,42,524,730,583,142,633,506,671,300,692,-1,-1
frame_1147.jpg,993,0,550,18,373,23,751,24,227,67,1157,75,101,148,1126,274,11,290,0,425,923,474,67,555,711,619,176,658,512,699,329,715
frame_1150.jpg,375,0,562,18,222,26,771,51,1033,59,92,101,1197,164,5,242,1146,365,0,381,72,519,927,543,183,633,709,658,333,706,511,712
frame_1151.jpg,562,0,219,6,777,34,1040,41,89,82,1205,149,3,223,1151,350,0,361,74,499,927,527,186,611,709,639,335,683,513,691,-1,-1
frame_1152.jpg,362,0,550,18,208,25,765,53,1028,59,81,100,1198,169,0,242,1146,371,0,379,75,517,926,546,190,629,709,659,339,702,516,709
frame_1154.jpg,367,0,215,15,551,30,761,75,85,83,1018,95,3,218,1179,210,0,355,1126,402,74,493,910,560,186,607,698,658,334,683,507,700
frame_1160.jpg,357,0,558,16,192,26,1038,43,782,47,66,109,1208,147,0,260,1172,330,26,398,984,499,134,527,791,612,272,625,612,672,437,679
frame_1164.jpg,380,0,590,14,202,30,1077,34,821,39,65,117,1247,128,0,274,1219,306,30,417,1042,481,851,603,305,641,668,673,483,689,-1,-1
frame_1165.jpg,378,0,588,12,202,30,1075,30,817,38,66,118,1246,125,0,273,1217,305,29,415,1035,482,148,544,844,603,297,640,658,675,473,690
frame_1167.jpg,373,0,582,10,1076,20,198,33,814,31,64,122,1251,114,0,278,1223,296,32,418,1041,475,151,546,848,599,301,641,663,672,479,687
frame_1172.jpg,421,0,650,12,1156,26,224,34,893,35,1325,117,74,127,0,295,1293,297,34,445,1113,476,169,577,917,604,338,668,724,683,530,709
frame_1173.jpg,420,0,651,8,1157,17,223,33,894,30,1327,110,73,130,1296,287,0,299,37,450,1118,468,175,581,924,600,345,672,734,681,539,709
frame_1174.jpg,416,0,646,7,1153,13,889,27,222,35,1326,106,73,130,1293,285,0,298,36,447,1111,467,915,599,339,666,723,678,526,705,-1,-1
frame_1176.jpg,1140,0,401,4,626,7,870,20,209,45,1317,88,66,143,1287,268,0,309,38,455,1107,456,173,580,910,591,339,666,722,672,529,702
frame_1177.jpg,1138,0,398,7,627,8,870,22,207,48,1317,87,65,146,1289,268,0,314,41,460,1110,455,177,585,916,589,344,670,726,673,534,705
frame_1183.jpg,401,0,608,17,221,21,826,47,77,105,1221,137,0,256,1183,297,23,395,1010,460,826,572,289,613,646,640,466,657,-1,-1,-1,-1
frame_1186.jpg,402,0,226,19,598,23,807,55,1036,60,82,93,1181,147,0,237,1148,302,15,375,984,455,126,504,803,565,272,597,625,631,444,645
frame_1187.jpg,402,0,226,17,599,22,807,56,1036,61,85,90,1180,150,0,232,1148,303,14,370,983,456,124,499,800,565,269,594,622,629,441,642
frame_1188.jpg,411,0,235,13,608,27,815,65,1043,77,89,83,1185,167,0,225,1151,323,9,365,983,471,115,498,798,579,258,599,616,642,432,651
frame_1191.jpg,423,0,248,21,619,19,829,51,1063,57,101,95,1213,146,0,241,1176,315,0,384,996,481,97,522,799,601,236,628,606,670,412,684
frame_1192.jpg,414,0,607,11,242,31,1048,30,814,34,98,109,1201,112,1,256,1172,283,0,400,997,459,95,537,800,590,234,639,606,670,411,691
frame_1196.jpg,1024,0,440,2,626,2,817,13,270,41,1157,61,117,124,1144,217,7,275,1000,388,0,423,824,535,101,555,639,634,251,648,438,680
frame_1197.jpg,454,0,638,2,1026,2,825,13,283,37,1155,60,129,118,1142,212,12,267,1002,380,0,415,828,525,98,550,641,626,248,644,439,674
frame_1201.jpg,942,0,582,14,758,18,408,20,1063,48,244,61,103,143,1057,184,2,287,939,344,0,426,786,483,104,544,620,584,253,622,434,639
frame_1202.jpg,949,0,588,16,764,19,415,22,1070,49,251,63,105,143,1062,186,0,287,940,342,0,424,787,480,101,542,619,581,251,618,433,635
frame_1203.jpg,974,0,605,8,428,11,786,15,258,51,1098,49,110,130,1090,187,5,277,965,344,0,418,808,484,105,539,635,585,258,620,445,639
frame_1204.jpg,473,0,656,5,1029,12,840,20,293,31,1152,69,1137,207,11,250,1007,360,0,395,841,495,103,525,659,590,263,613,458,641,-1,-1
frame_1206.jpg,505,0,698,10,1077,28,311,30,887,31,1199,87,138,105,1184,228,9,259,1057,378,0,416,893,516,121,553,711,615,295,643,503,667
frame_1207.jpg,525,0,719,14,327,26,1091,37,906,37,1210,99,148,98,1195,233,13,251,1074,380,0,410,911,515,125,551,729,613,304,642,518,666
frame_1209.jpg,571,0,775,19,361,21,968,47,1158,53,168,93,1281,117,18,253,1263,256,1138,409,0,422,969,547,131,576,777,649,323,676,552,703
frame_1210.jpg,585,0,368,20,793,21,990,53,1180,60,170,94,1302,127,15,259,1286,267,1164,420,0,436,996,561,142,595,804,667,343,698,578,724
frame_1214.jpg,452,0,694,1,896,47,217,60,1071,95,1324,185,21,245,1211,446,0,454,1072,578,185,640,903,685,427,745,683,756,-1,-1,-1,-1
frame_1224.jpg,342,0,532,11,161,38,692,55,827,104,945,129,1030,189,12,187,1028,299,0,381,978,415,884,533,165,564,765,630,375,675,591,694
frame_1225.jpg,351,0,539,17,169,33,696,67,830,118,944,148,16,176,1025,209,1022,317,0,368,972,431,880,545,163,556,760,639,372,673,589,697
frame_1226.jpg,355,0,543,21,174,30,697,74,830,128,943,160,19,171,1024,223,1018,333,0,364,965,446,870,559,156,557,749,650,362,677,576,706
frame_1228.jpg,360,0,182,23,543,26,693,84,821,142,28,152,931,178,1009,243,1000,350,0,342,948,461,147,539,854,570,732,658,347,669,558,707
frame_1231.jpg,216,0,395,2,569,54,48,107,708,130,826,203,926,251,0,293,996,323,977,428,128,510,919,528,818,625,316,665,694,697,521,727
frame_1232.jpg,230,0,405,10,576,68,58,98,711,150,825,228,924,281,0,282,992,356,969,460,117,506,909,559,803,653,297,671,677,721,499,744
frame_1233.jpg,233,0,404,16,571,78,61,91,702,162,814,243,0,269,912,301,975,375,950,479,109,494,887,575,782,663,281,664,654,728,480,743
frame_1234.jpg,229,0,400,16,568,79,61,90,701,165,813,248,0,268,977,383,951,486,108,492,887,583,279,664,780,671,651,732,478,746,-1,-1
frame_1238.jpg,205,0,379,4,558,56,43,107,700,136,822,213,926,267,0,287,999,342,975,451,122,500,910,551,802,643,298,657,672,709,498,728
frame_1239.jpg,208,0,383,5,562,61,45,104,704,143,826,223,930,278,0,286,1003,356,979,464,119,504,913,566,804,658,297,666,674,722,497,740
frame_1243.jpg,220,0,398,9,573,69,51,99,715,153,834,234,0,280,939,289,1009,369,984,476,116,500,917,575,807,665,292,665,673,727,494,743
frame_1244.jpg,221,0,397,10,574,70,51,100,715,154,835,236,0,279,940,292,1010,372,986,480,114,500,917,579,805,669,290,666,671,731,493,745
frame_1245.jpg,221,0,400,11,576,70,53,96,716,156,836,239,0,276,940,296,1010,375,983,482,115,496,913,581,288,662,801,669,668,730,489,742
frame_1247.jpg,218,0,396,7,574,64,51,99,715,148,836,229,942,284,0,279,1014,364,988,471,116,498,922,571,808,663,291,663,674,726,495,741
frame_1249.jpg,222,0,396,9,575,66,53,99,716,151,840,233,0,277,946,290,1019,371,994,480,112,498,925,582,289,667,810,673,674,736,491,749
frame_1259.jpg,340,0,542,3,711,44,150,48,855,89,975,110,1067,167,0,208,1071,282,1032,402,4,414,947,529,198,598,834,634,433,702,661,709
frame_1260.jpg,539,0,336,1,711,37,145,55,857,79,979,100,1072,156,0,219,1078,271,1038,395,5,426,953,523,200,606,837,632,434,707,662,710
frame_1266.jpg,554,0,348,8,729,31,880,66,152,70,1013,81,1103,133,1106,246,0,241,1056,371,5,439,962,500,197,607,839,611,659,692,430,694
frame_1267.jpg,543,0,340,11,718,27,870,60,1000,72,149,76,1095,124,1100,238,0,246,1048,365,2,444,952,495,828,608,189,608,648,691,418,695
frame_1270.jpg,507,0,315,13,670,24,809,52,136,73,1010,110,1014,213,0,241,966,330,9,425,880,450,767,554,187,572,606,632,399,643,-1,-1
frame_1275.jpg,453,0,614,8,885,19,758,24,271,29,973,65,109,107,0,276,923,303,833,430,19,446,720,538,180,573,564,618,372,633,-1,-1
frame_1281.jpg,445,0,272,14,595,18,728,44,114,78,915,196,0,231,864,310,7,397,777,424,667,522,155,528,517,591,335,596,-1,-1,-1,-1
frame_1282.jpg,449,0,597,18,276,16,726,41,835,46,116,84,914,91,0,241,867,306,8,412,784,423,678,523,161,545,531,598,345,609,-1,-1
frame_1305.jpg,317,0,194,10,428,14,528,33,622,39,84,55,683,74,678,152,3,159,626,238,0,270,549,321,91,365,458,388,211,422,342,429
frame_1308.jpg,328,0,205,6,436,16,534,38,625,44,93,47,686,82,7,149,678,159,623,243,0,260,545,324,88,357,452,387,204,416,335,427
frame_1310.jpg,345,0,219,0,455,22,103,36,550,49,638,60,695,100,10,137,681,174,0,250,629,254,549,330,88,351,456,390,207,413,338,425
frame_1374.jpg,337,0,170,28,493,41,600,107,681,165,18,214,790,257,746,465,0,478,687,580,615,686,163,694,501,774,-1,-1,-1,-1,-1,-1
frame_1387.jpg,371,0,193,24,538,42,656,109,745,170,817,201,28,198,864,266,844,361,0,438,799,471,726,580,154,646,637,677,506,749,335,747
frame_1389.jpg,375,0,551,35,189,32,681,98,781,157,866,191,24,208,917,253,0,443,848,469,766,581,161,645,670,679,529,750,349,747,-1,-1
frame_1391.jpg,388,0,567,33,196,31,701,94,805,151,28,199,946,245,0,425,872,454,785,564,158,621,684,659,351,722,-1,-1,-1,-1,-1,-1
frame_1399.jpg,405,0,596,29,209,32,742,86,861,143,961,174,33,189,1025,238,0,393,935,450,831,557,149,581,708,647,344,688,542,704,-1,-1
frame_1403.jpg,376,0,565,22,190,35,716,74,845,128,30,180,0,362,917,438,130,533,798,544,665,622,305,637,494,665,-1,-1,-1,-1,-1,-1
frame_1404.jpg,367,0,557,18,184,39,713,69,848,121,970,147,28,182,1043,215,0,358,931,435,127,526,808,539,669,618,302,632,495,662,-1,-1
frame_1405.jpg,372,0,563,16,189,41,725,65,867,117,993,145,32,181,1073,213,1047,319,0,356,957,439,125,526,830,546,682,627,300,634,499,672
frame_1406.jpg,370,0,566,12,183,45,734,58,882,108,1017,136,27,188,1102,203,0,363,982,437,127,531,849,547,698,630,308,640,511,673,-1,-1
frame_1407.jpg,372,0,571,11,184,45,743,57,898,108,1039,135,28,191,1128,205,1101,323,0,366,1003,444,126,534,864,557,708,641,307,645,514,683
frame_1409.jpg,537,0,343,0,713,35,165,52,876,77,1027,97,1124,164,22,191,1101,282,0,352,1000,408,122,507,858,521,697,607,296,611,501,647
frame_1411.jpg,544,0,346,1,726,36,167,53,893,80,1153,169,23,194,0,356,1022,421,121,512,873,536,296,620,704,621,504,660,-1,-1,-1,-1
frame_1414.jpg,515,0,319,15,704,21,883,52,1055,61,145,77,1167,125,14,220,1150,252,0,374,1041,391,885,516,120,518,712,605,296,617,506,649
frame_1415.jpg,496,0,681,18,303,19,855,44,134,86,1135,108,6,233,1017,371,0,386,872,497,126,525,707,591,302,616,511,643,-1,-1,-1,-1
frame_1416.jpg,504,0,313,17,686,19,857,48,1021,54,141,82,1128,114,12,226,1113,236,1010,370,0,379,866,493,124,519,700,584,299,610,504,635
frame_1418.jpg,519,0,327,11,698,24,862,57,1018,68,151,71,1118,128,14,217,1101,247,999,375,0,376,858,494,127,518,699,583,304,609,507,632
frame_1419.jpg,508,0,316,17,689,18,858,44,1018,50,142,82,1123,108,1109,229,11,231,1007,362,0,389,866,486,128,526,705,580,306,613,511,633
frame_1420.jpg,504,0,688,15,312,20,860,40,1025,43,139,89,1134,101,1120,223,9,238,1020,361,0,395,877,488,129,533,714,585,309,621,516,640
frame_1422.jpg,501,0,684,16,307,22,856,39,1020,41,134,92,1129,97,1118,219,5,244,1021,358,0,403,882,486,133,542,721,585,317,627,526,643
frame_1423.jpg,506,0,689,16,311,23,862,39,1026,40,137,93,1137,97,1127,220,7,247,1030,359,0,408,892,489,137,548,730,590,322,634,534,649
frame_1428.jpg,578,0,795,16,356,24,1218,51,165,100,17,259,0,430,1203,431,1016,577,132,589,809,684,328,699,569,736,-1,-1,-1,-1,-1,-1
frame_1429.jpg,570,0,796,9,345,32,1020,32,153,114,12,280,1217,432,0,452,1045,591,135,610,830,703,334,721,581,758,-1,-1,-1,-1,-1,-1
frame_1430.jpg,592,0,814,21,368,22,1031,54,1243,62,170,95,19,257,0,433,1228,455,132,599,1038,603,825,710,332,716,578,759,-1,-1,-1,-1
frame_1431.jpg,584,0,812,15,355,29,1032,44,161,109,11,281,1251,449,0,460,1061,607,140,625,845,721,344,738,595,776,-1,-1,-1,-1,-1,-1
frame_1432.jpg,590,0,823,11,1261,37,358,35,1051,35,158,120,12,294,1262,445,0,472,1071,607,142,635,853,722,348,746,600,781,-1,-1,-1,-1
frame_1434.jpg,591,0,811,11,1211,30,1018,32,361,32,1343,93,156,122,1335,240,3,308,1222,406,0,498,1059,564,163,659,870,688,386,753,638,765
frame_1437.jpg,602,0,828,9,1245,24,1042,29,368,38,1382,88,158,129,1373,239,4,319,1257,413,0,511,1086,577,165,674,890,705,391,771,649,784
frame_1438.jpg,620,0,848,11,385,30,1063,35,1406,101,172,118,10,305,1276,421,0,498,1103,582,163,665,900,710,391,768,654,785,-1,-1,-1,-1
frame_1443.jpg,529,0,740,2,939,14,313,44,1263,60,128,134,0,310,1149,368,5,483,992,522,157,624,810,642,360,707,593,716,-1,-1,-1,-1
frame_1445.jpg,1055,0,701,4,506,7,883,13,1173,49,303,47,125,139,1171,179,0,310,1080,331,944,479,7,478,784,597,161,611,584,678,362,682
frame_1446.jpg,1045,0,688,9,494,14,871,15,1165,47,294,57,121,149,1166,179,0,320,1074,333,938,483,8,486,778,603,159,617,577,684,358,688
frame_1449.jpg,490,0,673,5,1000,13,843,19,296,33,1109,61,122,114,1107,183,0,278,1023,324,7,442,898,459,750,569,156,573,561,642,351,643
frame_1450.jpg,486,0,667,4,989,9,834,16,293,34,1094,57,122,117,0,280,1011,314,6,444,887,450,741,560,153,571,554,637,345,639,-1,-1
frame_1453.jpg,468,0,648,2,978,5,818,13,281,34,1087,53,117,113,1083,175,0,267,992,315,2,420,860,448,136,546,708,553,520,620,-1,-1
frame_1454.jpg,944,0,623,2,449,1,789,11,268,37,1052,46,109,117,1051,165,0,271,968,303,6,421,845,436,699,542,141,543,519,611,321,611
frame_1455.jpg,920,3,438,0,607,1,767,11,260,35,1021,46,107,113,0,262,940,294,8,409,820,423,680,525,140,526,313,591,506,593,-1,-1
frame_1462.jpg,445,0,286,5,591,24,137,51,725,54,858,68,935,116,18,169,920,214,0,300,833,317,715,413,102,421,580,485,248,501,418,523
frame_1465.jpg,445,0,281,3,598,26,132,49,741,60,968,131,16,165,0,292,840,340,95,412,707,432,234,496,563,497,399,526,-1,-1,-1,-1
frame_1467.jpg,293,0,458,1,612,32,139,43,751,67,967,141,18,159,0,289,843,342,99,413,715,433,242,495,574,497,411,526,-1,-1,-1,-1
frame_1470.jpg,304,0,472,5,631,40,148,42,779,82,926,103,21,158,1012,167,982,272,0,290,872,378,95,420,730,468,236,511,577,529,406,552
frame_1471.jpg,472,0,297,5,633,29,138,56,1016,137,15,183,0,321,887,358,106,448,751,456,602,528,255,533,431,561,-1,-1,-1,-1,-1,-1
frame_1473.jpg,491,0,304,7,666,28,829,63,137,65,991,75,1084,142,12,201,1052,257,0,344,934,379,111,475,785,483,626,557,265,561,446,591
frame_1476.jpg,527,0,325,6,715,33,148,65,895,75,1075,94,1178,167,15,204,0,350,996,419,109,486,825,524,264,581,647,594,454,622,-1,-1
frame_1477.jpg,516,0,316,9,707,29,888,65,140,72,1064,81,1177,151,12,213,0,360,1004,407,113,495,836,518,273,587,660,593,465,623,-1,-1
frame_1478.jpg,488,0,678,11,291,24,1034,32,859,32,1144,92,119,102,0,255,998,358,0,404,844,481,126,530,679,573,294,606,489,623,-1,-1
frame_1483.jpg,512,0,308,17,707,21,888,48,1072,57,129,89,1178,124,3,243,1143,251,1010,389,0,396,847,505,126,526,677,590,293,608,486,632
frame_1489.jpg,520,0,311,13,720,25,911,58,129,85,1208,137,3,235,1165,260,0,383,1024,396,853,509,125,512,677,587,290,595,484,624,-1,-1
frame_1490.jpg,517,0,305,16,721,23,917,56,1112,64,123,90,1226,139,0,244,1,393,1033,408,857,521,124,523,677,599,290,606,483,635,-1,-1
frame_1491.jpg,509,0,712,15,298,23,1094,40,905,40,117,104,1206,106,0,263,1032,378,8,413,867,497,696,583,311,607,315,611,504,624,507,630
frame_1492.jpg,505,0,708,10,296,27,899,30,1199,88,116,113,1163,215,0,275,1032,360,10,426,871,483,147,546,703,575,321,615,514,626,-1,-1
frame_1496.jpg,512,0,718,13,299,24,1108,33,915,36,1225,100,119,106,1187,228,0,264,1049,374,7,412,879,494,139,535,703,581,311,610,508,628
frame_1498.jpg,513,0,720,12,300,25,1109,30,917,34,1225,96,118,108,1187,224,0,269,1051,370,8,419,884,493,144,541,709,582,318,614,516,630
frame_1499.jpg,513,0,718,11,1099,25,301,26,911,31,1213,88,119,111,1179,214,0,274,1049,361,9,427,886,484,148,547,715,577,324,617,523,629
frame_1502.jpg,518,0,723,15,306,22,916,41,122,104,1217,107,0,267,1049,378,9,421,886,500,146,546,715,591,323,622,521,639,-1,-1,-1,-1
frame_1503.jpg,526,0,312,18,731,22,922,51,1107,55,125,96,1217,124,1179,250,0,261,1045,392,6,417,881,510,144,548,710,598,319,624,516,646
frame_1504.jpg,527,0,314,18,726,22,912,51,1092,53,126,96,1200,123,0,261,1040,386,6,420,879,511,146,551,717,596,324,629,521,649,-1,-1
frame_1513.jpg,555,0,353,11,738,25,903,57,1058,66,163,77,1155,125,14,234,1138,241,1040,373,0,403,901,496,140,550,741,593,331,637,545,652
frame_1515.jpg,569,0,368,2,750,32,176,60,912,70,1066,87,1159,147,20,214,1139,263,0,382,1038,389,899,506,136,535,738,599,325,630,539,651
frame_1517.jpg,575,0,376,2,751,33,184,56,908,71,1054,88,1148,149,24,205,1132,262,0,375,1040,387,907,506,138,534,748,599,332,632,549,653
frame_1520.jpg,518,0,328,14,700,21,870,52,1036,64,155,72,1143,120,18,210,1128,244,0,364,1032,373,886,496,124,509,720,586,303,605,517,634
frame_1525.jpg,540,0,345,10,725,25,900,59,168,62,1183,133,24,193,1178,255,0,348,1079,386,125,500,932,509,756,600,313,607,541,644,-1,-1
frame_1530.jpg,576,0,777,21,368,20,971,49,1157,61,180,79,1288,120,26,216,1291,252,0,379,1188,395,1028,533,131,538,831,636,337,651,589,688
frame_1531.jpg,590,0,791,14,382,25,984,38,189,87,1302,94,1314,223,29,233,1224,369,0,398,1073,514,141,561,881,629,364,670,632,697,-1,-1
frame_1533.jpg,647,0,424,17,859,25,1063,57,1256,73,218,73,1398,130,40,214,1409,267,0,390,1315,414,1153,564,144,569,943,679,380,699,671,740
frame_1534.jpg,697,0,466,12,912,31,247,63,1118,70,1312,92,1453,153,52,202,1460,290,0,385,1363,438,146,576,1194,588,979,701,391,716,694,763
frame_1539.jpg,791,0,534,20,1032,28,1263,64,290,74,1639,147,65,223,1658,294,0,423,1558,454,1376,621,161,628,1130,755,445,783,801,829,-1,-1
frame_1540.jpg,790,0,533,17,1031,29,1263,68,289,72,1481,88,1640,153,65,222,1660,301,0,422,1560,462,1375,630,159,632,1127,763,441,787,796,837
frame_1544.jpg,799,0,543,8,1041,35,297,55,1271,83,1648,181,70,197,1657,332,0,393,1545,491,148,606,1351,652,418,770,1096,773,766,832,-1,-1
frame_1545.jpg,796,0,541,10,1036,40,296,56,1265,86,1483,117,1641,185,70,197,1648,334,0,390,1535,489,146,599,1338,649,412,761,1084,767,755,824
frame_1550.jpg,730,1,496,0,950,43,1163,96,67,168,1515,202,0,342,1511,345,1385,492,123,538,1188,631,348,689,946,728,647,765,-1,-1,-1,-1
frame_1551.jpg,473,0,704,1,256,37,927,45,1144,101,1358,140,61,165,1492,218,0,335,1343,515,110,525,1130,648,315,680,881,736,593,759,-1,-1
frame_1552.jpg,677,0,453,1,894,39,244,45,1110,90,58,169,1472,197,0,331,1456,345,1309,491,105,510,1096,623,302,655,850,709,568,731,-1,-1
frame_1554.jpg,598,0,802,18,392,24,1009,44,43,213,1359,255,0,363,1218,405,100,516,1015,546,281,632,784,642,525,681,-1,-1,-1,-1,-1,-1
frame_1557.jpg,704,1,905,0,512,11,1268,22,329,55,164,130,1278,158,31,257,1152,322,0,396,964,477,96,526,744,592,266,621,498,650,-1,-1
frame_1559.jpg,1123,0,782,19,596,44,421,78,1139,129,258,142,116,230,1027,297,9,366,862,463,0,497,672,590,98,603,255,669,459,671,-1,-1
frame_1560.jpg,958,0,1089,24,774,34,597,47,428,71,268,129,1099,154,127,209,988,309,13,344,832,460,0,475,652,577,97,582,251,648,448,650
frame_1561.jpg,782,0,1093,3,609,10,440,29,280,79,1097,128,135,154,980,278,19,282,0,410,820,422,93,520,638,531,241,589,434,596,-1,-1
frame_1565.jpg,922,0,754,24,1040,25,591,33,431,48,275,95,1049,139,133,166,949,277,18,291,807,414,0,416,94,521,637,521,246,586,441,590
frame_1567.jpg,923,0,757,19,597,25,1039,27,438,37,283,80,1047,138,140,148,22,269,949,271,0,395,806,406,91,502,635,510,243,571,437,577
frame_1569.jpg,941,0,617,6,459,10,776,9,1052,32,302,43,154,104,1056,142,29,219,954,269,0,343,807,394,88,455,634,490,237,532,432,546
frame_1570.jpg,940,0,619,6,778,10,461,13,1050,30,303,48,154,110,1054,140,28,228,954,268,0,356,810,396,88,468,638,494,239,542,438,555
frame_1573.jpg,490,0,649,6,808,20,328,23,1083,61,176,75,1078,172,40,184,965,295,0,309,808,412,77,428,625,499,221,514,418,543,-1,-1
frame_1574.jpg,483,0,644,4,974,17,806,19,323,26,1088,59,171,76,1082,171,38,186,966,297,0,310,806,415,77,429,622,501,222,516,416,544
frame_1575.jpg,486,0,649,8,985,19,812,20,324,29,1101,60,1095,174,39,190,976,302,0,313,810,423,75,432,622,508,217,520,412,553,-1,-1
frame_1576.jpg,479,0,644,1,988,3,812,10,318,29,1110,45,167,85,1106,162,36,197,987,294,0,321,821,420,80,441,632,510,223,527,420,556
frame_1577.jpg,482,0,646,1,989,8,814,13,319,28,1109,48,167,83,1106,165,36,196,988,296,0,320,824,421,79,440,636,510,225,529,424,557
frame_1583.jpg,1029,0,643,16,831,17,463,25,1166,42,292,69,138,144,1162,180,18,277,1031,339,0,415,855,487,94,538,660,591,247,623,447,646
frame_1591.jpg,525,0,719,19,336,21,915,49,164,83,1253,124,26,219,1226,269,0,368,1074,423,97,512,882,552,253,620,677,637,457,668,-1,-1
frame_1592.jpg,509,0,706,11,319,28,905,32,150,99,1252,96,20,242,1230,241,0,392,1081,399,104,533,892,538,691,631,267,633,473,671,-1,-1
frame_1593.jpg,510,0,708,12,320,27,909,36,1121,38,151,96,1259,104,20,238,1238,253,0,389,1086,413,102,530,893,549,261,634,688,641,468,677
frame_1596.jpg,705,0,911,23,143,96,1276,97,18,242,1249,249,0,392,1087,415,101,532,887,553,258,634,678,644,461,677,-1,-1,-1,-1,-1,-1
frame_1607.jpg,588,0,371,17,794,24,983,56,986,61,1170,70,172,89,16,254,1263,272,1140,421,0,431,976,557,141,589,791,660,339,690,571,716
frame_1614.jpg,315,0,693,13,856,47,1008,59,138,65,1103,121,5,224,1079,243,977,371,0,387,838,490,134,527,685,580,307,613,503,631,-1,-1
frame_1618.jpg,435,0,596,6,874,14,742,19,259,30,964,59,104,108,0,261,886,290,778,411,9,410,653,508,146,525,495,576,315,582,-1,-1
frame_1619.jpg,430,0,592,4,870,11,738,17,256,30,961,55,102,110,956,163,0,262,884,289,777,410,12,412,653,508,148,525,495,576,316,583
frame_1623.jpg,907,3,442,0,610,2,765,12,260,36,1005,48,105,118,0,274,920,293,806,420,11,425,673,523,148,538,507,592,320,598,-1,-1
frame_1632.jpg,412,0,562,6,696,20,247,27,100,101,0,252,834,281,738,399,9,401,625,496,140,516,476,564,304,573,-1,-1,-1,-1,-1,-1
frame_1633.jpg,546,1,398,0,682,10,233,35,885,40,92,115,826,266,0,270,737,388,18,418,629,488,154,526,486,562,317,576,-1,-1,-1,-1
frame_1648.jpg,345,0,214,3,455,21,550,46,95,47,638,55,694,96,5,161,628,259,0,284,551,343,97,388,462,408,218,445,348,452,-1,-1
frame_1649.jpg,350,0,218,2,463,23,98,46,559,48,648,59,705,101,4,160,691,176,634,266,0,284,555,349,95,388,462,414,216,447,346,456
frame_1650.jpg,358,0,226,0,470,23,102,44,569,49,657,60,7,159,639,264,0,282,94,387,464,415,215,449,345,456,-1,-1,-1,-1,-1,-1
frame_1651.jpg,361,0,226,3,475,21,574,46,103,49,664,55,720,98,8,165,644,266,0,289,559,349,93,393,463,416,213,451,344,458,-1,-1
frame_1652.jpg,368,0,231,2,485,15,105,51,739,97,8,169,653,266,0,293,563,351,91,396,464,418,212,454,344,461,-1,-1,-1,-1,-1,-1
frame_1654.jpg,375,0,231,11,493,18,597,40,692,43,102,67,748,87,5,195,663,264,0,322,574,353,98,421,476,425,355,473,222,472,-1,-1
frame_1657.jpg,392,0,242,9,516,16,622,39,719,40,106,70,774,87,4,208,681,268,0,339,589,358,490,431,105,437,368,482,233,485,-1,-1
frame_1658.jpg,390,0,243,11,513,17,619,37,715,39,106,73,771,82,746,163,3,209,678,263,0,339,586,353,486,427,102,437,364,478,229,483
frame_1662.jpg,401,0,529,16,244,15,741,38,639,36,800,82,103,83,773,169,1,228,700,273,0,365,606,369,110,462,-1,-1,-1,-1,-1,-1
frame_1667.jpg,391,0,521,5,737,9,636,17,236,25,800,51,97,102,784,142,718,251,0,255,629,356,5,395,531,446,121,490,404,512,259,528
frame_1668.jpg,395,0,530,6,749,10,646,17,239,24,813,54,99,101,794,143,728,255,0,254,636,358,5,392,118,491,260,525,-1,-1,-1,-1
frame_1671.jpg,401,0,535,6,759,14,653,20,239,27,826,57,98,105,805,150,0,261,738,264,642,370,4,400,537,460,120,498,408,525,261,540
frame_1672.jpg,397,0,534,6,757,11,651,17,238,27,825,53,97,106,804,145,738,259,0,261,643,366,6,401,540,456,123,498,412,523,264,538
frame_1674.jpg,401,0,539,7,763,15,656,20,242,24,830,58,101,101,808,150,0,254,738,263,642,369,4,394,536,457,119,492,405,522,258,535
frame_1675.jpg,399,0,536,5,762,12,655,18,241,25,830,55,100,103,809,145,0,258,740,262,643,370,4,396,538,459,119,494,406,523,259,537
frame_1676.jpg,396,0,535,4,760,8,654,16,238,27,828,50,97,106,808,144,741,258,0,262,645,366,7,400,541,456,124,497,411,522,265,538
frame_1680.jpg,397,0,532,7,754,15,648,20,239,25,819,57,99,101,801,148,0,253,733,259,639,364,5,392,538,453,121,489,409,518,261,531
frame_1684.jpg,393,0,530,6,650,16,236,25,825,53,97,102,0,253,739,258,645,365,6,392,540,454,122,489,410,518,262,533,-1,-1,-1,-1
frame_1685.jpg,394,0,529,7,754,11,648,20,237,24,822,56,97,99,0,251,736,260,640,365,4,389,120,484,260,532,-1,-1,-1,-1,-1,-1
frame_1691.jpg,404,0,538,10,761,22,245,20,656,26,825,66,103,93,804,157,0,241,734,267,635,368,0,379,530,454,111,479,397,514,251,525
frame_1692.jpg,412,0,545,12,252,20,832,71,108,91,4,238,737,271,637,372,0,375,529,456,112,477,396,518,248,522,-1,-1,-1,-1,-1,-1
frame_1693.jpg,397,0,534,6,756,12,650,20,241,23,823,56,100,98,0,248,732,258,636,363,2,386,531,452,115,483,401,514,254,527,-1,-1
frame_1694.jpg,408,0,543,12,251,17,761,25,654,30,825,71,108,89,801,160,3,236,727,267,630,368,0,373,524,451,109,472,245,518,-1,-1
frame_1695.jpg,409,0,540,12,249,20,757,24,654,27,819,67,105,93,796,156,0,243,725,264,629,365,1,381,524,449,112,478,394,509,250,520
frame_1697.jpg,406,0,541,11,249,20,762,24,657,27,824,67,104,93,1,242,726,265,628,366,0,380,522,450,113,477,393,510,248,520,-1,-1
frame_1701.jpg,391,0,527,9,235,21,645,24,820,64,98,92,798,156,0,237,726,266,627,367,0,370,518,451,107,468,386,509,241,515,-1,-1
frame_1702.jpg,395,0,528,13,241,17,750,30,644,30,814,74,103,84,792,164,2,224,719,271,0,357,619,370,512,450,105,458,382,505,237,508
frame_1712.jpg,356,0,223,5,469,26,101,47,564,53,652,64,709,109,5,160,695,183,638,269,0,284,558,350,97,388,467,414,220,448,352,457
frame_1724.jpg,213,0,339,0,448,24,99,35,549,52,642,64,701,107,10,130,687,183,0,236,621,261,533,334,82,334,436,388,193,397,318,417
frame_1726.jpg,308,0,425,9,184,14,531,25,633,27,77,60,700,63,0,161,635,229,0,265,551,313,89,353,454,376,205,406,336,415,-1,-1
frame_1729.jpg,614,0,405,3,290,5,512,8,683,27,169,31,66,87,686,104,0,191,636,197,562,285,10,293,472,357,106,371,357,406,227,412
frame_1730.jpg,596,0,394,8,499,10,282,12,665,27,164,39,63,97,671,101,625,191,0,200,555,280,13,300,470,353,110,375,356,402,359,405
frame_1732.jpg,396,0,284,2,500,5,662,23,164,30,62,88,619,189,0,196,550,277,15,299,467,349,115,373,359,400,234,410,-1,-1,-1,-1
frame_1733.jpg,601,1,401,0,289,0,506,6,169,24,665,28,66,80,0,183,618,190,548,274,13,284,462,343,111,359,355,391,231,398,-1,-1
frame_1739.jpg,225,0,353,7,109,28,463,39,564,73,659,92,15,117,716,139,0,221,619,288,73,321,523,353,176,387,420,398,301,416,-1,-1
frame_1740.jpg,235,0,362,12,117,25,473,46,573,83,671,105,19,111,726,155,0,215,700,230,621,303,70,318,521,365,172,389,414,407,294,421
frame_1749.jpg,255,0,133,12,384,24,490,70,26,95,583,117,721,201,0,204,68,317,611,340,513,395,170,400,410,430,293,435,289,438,-1,-1
frame_1750.jpg,252,0,130,17,379,23,486,63,25,99,578,110,719,190,0,204,67,314,610,328,608,333,509,386,411,419,405,424,285,432,-1,-1
frame_1753.jpg,242,0,373,15,121,23,482,52,584,90,579,95,21,111,680,113,734,168,0,220,628,318,73,325,69,329,527,383,-1,-1,-1,-1
frame_1760.jpg,237,0,364,9,116,29,472,42,564,77,650,96,16,129,704,143,685,218,0,247,623,297,82,359,536,369,441,424,195,430,322,451
frame_1762.jpg,245,0,376,12,486,46,581,83,671,103,19,134,724,152,702,230,0,256,637,313,82,372,548,389,446,443,195,448,325,472,-1,-1
frame_1769.jpg,345,1,213,0,456,28,93,46,550,59,687,118,4,170,624,294,0,308,549,382,97,425,464,453,222,491,352,499,-1,-1,-1,-1
frame_1771.jpg,210,0,342,1,449,30,91,45,540,60,619,71,673,118,1,170,616,290,0,313,548,379,103,432,468,451,229,496,359,500,-1,-1
frame_1773.jpg,246,0,385,7,116,38,493,45,666,97,12,164,0,312,650,322,570,412,102,442,482,482,230,516,367,529,-1,-1,-1,-1,-1,-1
frame_1776.jpg,364,0,225,0,480,28,96,47,576,60,660,73,717,119,0,178,702,204,659,300,0,327,586,392,111,451,500,469,246,517,384,520
frame_1777.jpg,233,0,375,2,492,31,100,46,590,63,674,77,732,123,0,178,720,208,674,301,0,328,600,393,115,451,513,468,254,517,395,520
frame_1779.jpg,388,0,237,3,512,27,620,57,100,54,779,115,0,186,770,205,716,302,1,335,634,397,120,457,539,475,264,524,416,529,-1,-1
frame_1780.jpg,404,5,252,0,529,30,112,46,637,59,2,181,730,304,0,334,649,403,122,461,554,480,273,529,425,533,-1,-1,-1,-1,-1,-1
frame_1784.jpg,315,0,486,5,628,40,149,47,14,185,838,340,0,348,741,436,132,488,626,519,303,561,299,567,476,576,-1,-1,-1,-1,-1,-1
frame_1786.jpg,313,0,487,4,633,38,147,46,758,76,870,93,942,146,12,187,925,243,854,347,0,349,751,447,131,490,633,529,300,569,477,580
frame_1789.jpg,500,0,314,6,659,28,796,61,139,62,996,127,4,215,912,342,0,383,805,453,145,523,679,544,326,599,516,604,-1,-1,-1,-1
frame_1790.jpg,497,0,308,14,662,20,807,47,939,54,130,85,1023,103,1016,210,0,247,948,332,5,419,844,452,717,553,160,557,550,623,352,626
frame_1793.jpg,523,0,710,16,318,25,881,39,1041,42,1143,96,134,102,1136,219,0,271,1050,358,2,446,920,493,157,590,768,602,357,669,574,673
frame_1797.jpg,540,0,733,17,331,24,910,43,1077,46,143,99,1187,105,1176,233,3,267,1079,376,0,441,936,512,149,589,772,619,348,676,570,687
frame_1798.jpg,547,0,742,18,336,21,921,47,1089,52,147,94,1201,113,1186,242,6,260,1086,385,0,434,939,521,147,584,773,626,345,675,567,690
frame_1799.jpg,546,0,744,19,335,21,926,48,1097,53,146,97,1211,115,1196,245,6,260,1093,390,0,433,944,526,145,584,774,631,342,676,566,693
frame_1800.jpg,547,0,743,19,335,22,926,47,1096,53,147,96,1211,114,1198,245,7,259,1095,390,0,432,945,527,144,583,776,633,341,676,566,694
frame_1817.jpg,556,0,756,21,342,20,942,51,1118,58,151,94,1234,123,1218,255,9,257,1110,404,0,432,956,541,142,586,780,645,340,683,567,705
frame_1818.jpg,558,0,344,17,758,24,942,56,1114,64,152,90,1229,130,7,254,1214,262,1109,407,0,432,956,544,145,586,783,647,344,684,570,706
frame_1820.jpg,632,0,404,5,834,37,187,70,1013,81,1178,99,1284,168,17,239,1264,297,0,430,1159,436,1009,568,162,602,836,670,378,707,617,728
frame_1822.jpg,651,0,412,19,867,24,1062,59,188,99,1358,133,12,286,1240,425,0,489,1084,573,176,664,902,693,412,761,671,770,-1,-1,-1,-1
frame_1823.jpg,640,0,864,22,400,25,1072,53,1268,62,180,108,1394,128,1382,274,11,297,1269,440,0,500,1103,598,170,674,908,721,402,780,665,798
frame_1826.jpg,660,0,416,20,891,26,1105,62,1306,72,191,99,1441,144,16,287,1424,296,1300,463,0,490,1123,619,166,671,917,740,398,784,666,810
frame_1828.jpg,642,0,869,24,399,24,1081,57,1282,65,179,104,1414,135,1401,284,11,289,1277,449,0,488,1103,604,166,662,902,724,396,771,657,793
frame_1829.jpg,618,0,842,20,382,26,1051,50,1250,54,170,110,1382,122,1369,269,9,293,1250,435,0,488,1080,591,161,656,882,711,385,761,642,781
frame_1830.jpg,592,0,809,16,364,27,1014,43,159,109,1336,111,1323,254,6,288,1207,416,0,475,1042,566,158,636,853,683,375,735,621,751,-1,-1
frame_1831.jpg,576,0,783,16,357,23,975,42,1158,45,157,104,1280,105,1270,239,6,275,1163,391,0,456,1007,536,155,611,827,648,367,703,607,717
frame_1833.jpg,550,0,754,10,948,30,340,30,1262,87,152,109,1253,225,10,278,1140,383,0,452,982,530,142,603,797,645,343,696,575,714,-1,-1
frame_1834.jpg,522,0,727,3,926,13,313,39,1249,59,132,127,1,296,1125,358,0,463,965,509,143,603,784,626,340,687,567,697,-1,-1,-1,-1
frame_1836.jpg,531,0,728,12,327,26,1097,32,916,33,1218,90,144,102,1209,222,7,262,1098,371,0,428,945,511,138,573,767,618,330,663,555,680
frame_1862.jpg,668,0,879,12,445,29,1079,30,1269,35,1408,81,232,92,1425,208,43,243,1334,352,0,421,1178,506,150,589,971,634,398,701,697,717
frame_1865.jpg,740,0,964,19,505,20,1177,49,1382,62,1532,115,64,213,1555,249,1462,399,0,399,1291,559,146,589,1059,690,410,731,746,768,-1,-1
frame_1867.jpg,756,0,987,9,1208,28,1418,32,514,34,1577,76,279,97,1608,209,61,247,1522,362,0,437,1355,533,159,621,1122,676,444,752,799,772
frame_1870.jpg,803,0,1041,18,551,24,1268,43,304,81,1642,104,73,227,1675,240,1589,390,0,421,1417,559,161,620,1173,701,457,761,834,792,-1,-1
frame_1871.jpg,801,0,1040,17,549,27,1268,42,1484,55,305,88,1646,103,72,232,1680,240,1595,392,0,425,1423,564,161,625,1179,706,457,767,836,798
frame_1874.jpg,707,0,944,7,1385,26,1172,23,460,38,1548,69,222,111,1585,203,0,265,1503,360,1338,539,105,649,1101,690,399,778,769,794,-1,-1
frame_1876.jpg,1376,0,1155,16,924,19,1547,31,689,32,452,89,1589,169,233,177,1509,340,40,344,1344,531,0,537,1110,698,165,708,792,815,444,816
frame_1878.jpg,661,0,884,2,1101,15,433,39,1463,55,220,113,1491,191,36,270,1405,350,0,456,1244,522,157,628,1026,665,415,742,734,757,-1,-1
frame_1881.jpg,819,0,1245,4,599,1,1035,11,375,48,1397,54,1409,195,18,290,1304,363,0,465,1134,527,151,621,923,657,379,721,658,738,-1,-1
frame_1882.jpg,780,0,566,4,990,9,1344,44,351,48,162,130,1358,185,14,289,1257,350,0,460,1092,514,146,610,889,643,367,708,634,723,-1,-1
frame_1886.jpg,538,0,733,12,334,27,919,33,1221,87,151,97,1219,216,10,250,1122,358,0,415,973,497,143,560,795,605,344,652,578,668,-1,-1
frame_1888.jpg,554,0,753,18,347,21,941,45,159,88,1244,112,14,240,1233,240,1122,385,0,404,964,519,137,553,781,619,332,650,562,674,-1,-1
frame_1892.jpg,549,0,758,15,337,25,961,42,1162,44,150,101,1294,113,1274,256,12,258,1141,413,0,424,961,553,130,574,765,655,316,675,541,705
frame_1895.jpg,537,0,753,5,1170,11,964,21,318,38,1306,75,131,129,0,301,1154,391,1,469,977,541,141,609,784,652,336,696,563,715,-1,-1
frame_1908.jpg,1280,0,726,11,494,41,263,117,1260,141,80,253,1145,320,0,458,998,482,841,611,59,616,655,704,244,707,448,735,-1,-1,-1,-1
frame_1910.jpg,1167,0,972,29,762,31,536,47,1293,52,303,101,1272,188,108,223,1155,358,0,424,1004,509,40,590,841,631,221,696,646,718,429,740
frame_1911.jpg,1158,0,960,34,750,37,1288,54,525,53,294,113,1268,190,104,233,1151,362,0,432,999,515,42,595,834,636,220,700,640,723,426,744
frame_1916.jpg,1155,0,952,37,738,46,1289,50,512,67,285,129,1269,190,100,251,1149,367,0,445,993,524,40,605,825,648,212,709,628,733,415,754
frame_1917.jpg,1150,0,947,37,733,46,1286,49,508,68,281,130,1266,190,98,252,1148,367,0,448,992,523,41,607,825,648,214,711,630,734,416,755
frame_1922.jpg,1155,0,949,38,735,45,1287,51,509,67,282,128,1269,192,99,249,1147,367,0,443,993,524,41,603,825,648,213,707,629,733,415,753
frame_1923.jpg,1153,0,947,41,1288,48,730,53,505,79,280,144,1271,191,98,268,1149,371,0,462,991,530,40,622,823,657,212,723,626,744,413,765
frame_1925.jpg,963,0,747,6,1306,22,519,22,290,80,104,199,1155,341,0,392,994,496,37,553,822,617,208,662,624,698,409,711,-1,-1,-1,-1
frame_1926.jpg,1164,0,958,31,742,35,516,52,1299,54,288,110,1278,197,103,228,1156,373,0,422,996,530,36,586,824,653,206,697,624,734,408,749
frame_1927.jpg,1156,0,954,27,743,28,520,42,1290,54,296,97,1274,198,109,211,1154,371,0,406,998,530,32,574,826,654,201,692,624,737,405,749
frame_1928.jpg,751,0,959,6,531,6,1288,42,305,58,116,165,1150,361,0,363,991,517,25,535,817,640,190,662,613,719,394,726,-1,-1,-1,-1
frame_1932.jpg,545,0,742,5,1088,8,923,17,332,39,1199,55,139,131,1197,177,0,310,1106,323,976,466,9,483,817,583,175,617,617,669,389,680
frame_1935.jpg,514,0,704,9,1055,23,883,27,315,29,1170,77,136,105,1161,202,3,266,1057,346,0,428,913,481,139,564,746,587,328,644,544,653
frame_1937.jpg,516,0,706,14,321,24,1059,37,884,36,1173,94,143,96,1158,220,9,248,1046,361,0,406,894,492,131,543,723,589,311,628,522,646
frame_1939.jpg,319,0,699,8,879,39,150,57,1182,115,18,192,0,338,1031,378,110,477,864,495,274,575,680,577,476,611,-1,-1,-1,-1,-1,-1
frame_1940.jpg,503,0,318,11,684,24,862,58,151,66,1042,70,1159,135,20,196,1138,259,0,341,1012,392,102,480,845,508,261,580,663,588,460,620
frame_1941.jpg,498,0,318,10,679,24,857,59,155,63,1158,140,24,187,1132,266,0,326,997,399,94,464,823,512,244,566,639,585,436,611,-1,-1
frame_1942.jpg,470,0,650,15,294,20,831,39,1018,43,137,80,1142,104,18,206,1125,232,0,341,994,371,96,471,824,491,246,564,640,571,439,604
frame_1944.jpg,991,0,793,24,602,26,420,39,1129,44,248,85,102,168,1122,183,0,310,993,346,0,445,827,491,108,560,647,595,261,633,450,650
frame_1946.jpg,1001,0,612,8,428,12,799,13,257,51,1133,50,109,128,1121,188,4,265,987,346,0,402,816,483,101,521,634,579,250,601,438,626
frame_1948.jpg,592,0,418,3,771,7,252,39,1091,43,109,112,1078,178,6,244,946,329,0,375,780,460,95,491,605,551,238,570,418,595,-1,-1
frame_1950.jpg,549,0,384,3,720,7,231,38,1027,41,99,107,1017,171,3,232,887,316,0,355,728,441,88,465,563,525,220,540,386,565,-1,-1
frame_1952.jpg,398,0,558,8,887,22,245,25,718,25,996,75,109,87,980,194,9,208,860,325,0,333,711,438,90,445,554,515,222,523,385,550
frame_1953.jpg,403,0,558,12,252,20,713,32,879,35,114,79,979,85,10,195,961,200,0,317,842,324,85,427,697,431,542,502,215,505,375,534
frame_1954.jpg,388,0,539,12,241,20,690,31,850,34,109,75,950,84,11,188,932,197,0,306,817,317,84,414,674,419,525,488,208,489,363,518
frame_1956.jpg,384,0,529,11,239,17,673,33,818,36,107,71,909,83,8,183,896,187,795,300,0,301,667,399,88,407,526,468,215,479,371,502
frame_1961.jpg,377,0,241,12,514,16,649,40,790,47,117,58,878,95,18,158,860,196,0,267,754,301,73,372,622,392,186,446,482,453,330,477
frame_1965.jpg,380,0,529,10,237,20,834,27,677,28,109,75,935,77,11,186,919,187,0,303,804,309,79,408,664,412,516,481,202,483,353,513
frame_1966.jpg,387,0,540,8,855,20,694,23,237,24,959,69,105,85,946,184,7,203,834,311,0,324,694,419,89,432,544,495,219,506,379,531
frame_1968.jpg,407,0,571,6,904,18,734,21,246,26,1012,68,105,94,999,187,3,223,883,321,0,353,739,437,101,466,584,520,242,540,412,562
frame_1969.jpg,400,0,567,3,909,6,734,16,239,30,1024,58,99,100,1010,181,1,231,891,322,0,361,743,442,99,473,585,527,241,548,411,569
frame_1970.jpg,399,0,571,3,919,8,742,16,237,30,1037,60,94,100,1025,187,0,234,904,329,2,365,754,450,104,479,594,534,248,554,420,576
frame_1971.jpg,412,0,586,7,946,18,763,25,245,27,1066,77,101,98,1045,206,0,233,915,350,0,366,757,469,101,483,592,551,244,562,415,588
frame_1973.jpg,413,0,592,8,969,23,243,26,775,27,1095,84,99,97,1074,219,1,230,0,363,934,364,101,481,768,483,597,562,243,563,416,595
frame_1974.jpg,413,0,593,11,970,26,777,30,1096,88,1077,223,943,370,0,382,783,490,109,498,614,573,258,580,434,609,-1,-1,-1,-1,-1,-1
frame_1976.jpg,432,0,620,10,252,27,810,29,1137,89,0,247,973,373,7,385,808,493,120,506,638,577,274,586,453,615,-1,-1,-1,-1,-1,-1
frame_1981.jpg,429,0,631,11,241,28,1057,25,837,31,1198,98,88,107,1170,240,0,255,17,395,1018,396,139,515,842,517,665,596,296,596,478,627
frame_1982.jpg,430,0,633,7,1061,15,841,24,242,29,1203,84,89,112,1177,228,0,263,1027,386,21,403,854,511,147,522,678,595,306,602,491,630
frame_1983.jpg,440,0,647,6,1076,9,858,22,244,33,1217,79,87,119,0,274,1043,380,25,417,871,505,159,533,699,591,324,610,512,631,-1,-1
frame_1985.jpg,1095,0,658,12,442,13,874,21,240,55,1240,67,82,151,0,316,1074,376,36,462,907,509,182,574,737,603,358,641,551,652,-1,-1
frame_1986.jpg,1087,0,647,14,434,15,864,22,234,57,1234,66,80,153,1212,214,0,317,1067,380,37,460,899,514,178,573,727,608,350,641,540,657
frame_1987.jpg,1077,0,631,30,850,30,419,40,1229,61,225,87,76,186,1209,212,0,349,1064,385,37,489,895,523,177,597,723,621,348,661,536,673
frame_1990.jpg,1066,0,835,36,616,42,404,58,1223,57,216,109,1208,210,71,210,0,372,1064,389,39,509,894,533,176,615,721,633,345,678,534,687
frame_1991.jpg,1061,0,830,37,610,44,1221,57,399,61,212,113,1207,209,68,215,0,376,1064,389,39,512,894,533,178,616,722,634,347,678,535,688
frame_1992.jpg,1060,0,827,37,607,45,1219,54,396,62,210,116,1207,208,67,218,0,380,1063,388,40,516,894,534,179,620,722,636,348,681,536,691
frame_1993.jpg,1062,0,829,37,608,46,1223,57,397,65,208,118,1209,210,67,221,0,382,1064,389,40,519,894,535,180,621,721,637,348,682,536,691
frame_1994.jpg,1061,0,827,40,606,49,1221,56,394,70,206,124,1207,211,66,227,0,389,1063,393,39,527,893,540,179,629,721,642,348,690,536,698
frame_1997.jpg,1049,0,816,45,1211,48,596,60,385,84,201,143,1203,203,62,248,1064,389,0,410,897,539,42,544,183,644,727,645,353,700,542,704
frame_2001.jpg,1054,0,822,42,602,54,1215,52,392,76,206,131,1204,204,66,235,1064,388,0,397,41,531,896,537,180,633,725,641,349,693,539,699
frame_2003.jpg,1050,0,822,40,1208,49,605,52,397,75,211,129,69,234,1064,380,0,395,39,526,38,532,899,529,177,633,728,636,350,690,540,697
frame_2005.jpg,1046,0,823,38,609,47,1202,53,402,64,215,118,1195,205,71,220,0,384,1062,383,38,523,900,530,180,629,731,637,353,690,545,695
frame_2006.jpg,1058,0,630,26,839,26,425,35,1206,55,237,79,85,176,1195,202,0,338,1060,375,26,483,894,521,162,597,720,622,334,667,528,679
frame_2007.jpg,630,0,838,4,429,10,1202,33,242,55,0,314,1058,363,20,461,890,512,151,582,713,617,321,657,516,674,-1,-1,-1,-1,-1,-1
frame_2008.jpg,1061,0,842,25,635,27,434,38,1206,52,245,89,93,185,1197,206,0,348,1061,386,17,498,890,539,146,620,711,649,316,695,513,709
frame_2011.jpg,1028,0,639,21,831,21,449,30,1166,46,268,76,110,166,1164,186,0,321,1044,354,3,473,884,506,125,599,706,621,298,675,503,687
frame_2015.jpg,1051,0,849,27,650,29,455,42,1196,48,270,91,110,185,1199,193,0,348,1079,368,6,504,916,531,131,633,734,651,311,712,523,722
frame_2018.jpg,878,1,674,0,473,10,1230,24,280,60,114,152,1227,169,0,314,1102,344,6,469,931,502,133,597,743,620,313,679,529,687,-1,-1
frame_2021.jpg,713,0,502,3,927,6,298,45,1296,48,125,131,1292,195,2,294,1161,370,0,454,980,529,131,593,778,644,319,686,548,707,-1,-1
frame_2026.jpg,543,0,746,8,1119,21,937,26,331,32,1242,78,141,116,1235,212,2,288,1130,367,0,462,978,513,152,607,802,629,356,692,588,701
frame_2028.jpg,534,0,739,4,1126,13,935,18,325,36,1254,66,140,120,1252,202,4,287,1148,363,0,459,994,516,145,606,811,636,348,697,-1,-1
frame_2032.jpg,480,0,661,6,990,15,830,20,291,31,1101,63,123,105,1099,182,0,258,1012,321,0,414,880,455,136,544,725,560,322,620,534,628
frame_2047.jpg,967,0,631,8,804,12,453,14,1090,36,273,54,115,129,1107,151,0,270,1035,288,0,418,913,428,140,542,760,541,335,616,558,618
frame_2048.jpg,988,0,642,15,820,15,459,22,1116,36,276,65,116,142,1137,153,0,285,1065,298,1,436,942,442,783,560,142,562,343,638,575,639
frame_2055.jpg,615,0,820,21,398,20,1015,52,197,78,1332,116,28,225,1343,246,1256,391,0,403,1109,536,152,575,916,652,386,692,663,721,-1,-1
frame_2057.jpg,620,0,404,17,825,24,1018,55,202,73,1334,124,31,217,1342,254,0,394,1253,396,1102,541,148,568,909,653,380,687,656,718,-1,-1
frame_2059.jpg,625,0,407,13,831,24,1028,57,206,66,1215,72,1351,133,35,208,1357,265,0,385,1264,409,1107,553,143,560,906,665,371,686,649,725
frame_2060.jpg,622,0,406,15,826,24,1020,57,1202,71,204,72,1335,129,33,214,1345,259,0,391,1257,402,1106,547,150,567,912,660,381,689,659,724
frame_2061.jpg,636,0,420,9,837,31,216,60,1028,68,1207,87,1337,146,39,201,1342,275,0,381,1251,418,1101,559,145,562,905,670,375,692,653,731
frame_2062.jpg,641,0,424,8,843,33,220,56,1034,73,1214,94,1345,157,41,195,1348,288,0,374,1254,429,141,557,1098,568,900,677,368,690,644,734
frame_2071.jpg,653,0,427,10,864,31,216,64,1064,70,1248,92,1383,157,38,209,1389,290,0,393,1295,436,150,578,1136,582,934,694,387,712,671,754
frame_2072.jpg,652,0,427,3,858,37,215,54,1051,80,34,197,0,388,1278,444,157,581,1129,588,937,700,399,718,684,761,-1,-1,-1,-1,-1,-1
frame_2074.jpg,442,0,662,18,230,31,853,71,1022,129,1176,163,40,173,1282,234,1274,358,0,368,1188,483,157,571,1050,607,878,703,388,707,650,753
frame_2075.jpg,444,0,232,25,657,26,837,86,997,148,43,155,1139,188,1236,259,0,344,1223,374,1140,491,151,546,1006,605,372,685,840,692,621,735
frame_2076.jpg,431,0,640,21,224,28,818,78,974,136,39,162,1115,170,1209,239,1194,354,0,351,1109,471,149,544,979,584,817,672,365,675,605,717
frame_2081.jpg,389,0,597,13,191,42,774,62,930,116,1070,145,25,189,1162,214,1142,330,0,375,1051,451,145,553,918,566,762,655,344,668,565,702
frame_2085.jpg,550,0,344,10,735,28,902,64,156,73,1053,79,1157,140,11,232,1060,397,0,414,929,527,149,575,774,631,351,675,574,693,-1,-1
frame_2086.jpg,553,0,347,6,738,31,159,67,905,69,1054,84,1159,148,13,223,1147,270,1060,404,0,403,927,533,146,568,771,634,346,670,570,693
frame_2087.jpg,363,0,567,3,744,43,174,51,904,87,1049,110,1147,176,20,201,1130,293,0,385,1044,422,914,544,142,555,757,640,339,665,558,694
frame_2096.jpg,416,0,644,8,840,56,200,58,1012,108,1166,135,1264,211,24,228,1229,337,0,424,1117,472,960,596,149,603,788,692,350,713,578,743
frame_2097.jpg,422,0,655,6,856,52,203,62,1032,105,1192,131,1291,208,24,238,1252,338,0,437,1134,478,972,606,147,616,793,704,350,726,579,757
frame_2098.jpg,417,0,654,4,858,49,194,68,1038,100,1201,123,1301,200,19,248,1261,330,0,449,1141,473,979,601,153,623,801,701,357,729,587,755
frame_2103.jpg,643,0,401,5,854,35,1039,77,180,85,1210,90,1306,164,12,271,1257,291,1124,437,0,458,953,564,150,613,774,662,345,701,565,718
frame_2104.jpg,630,0,392,10,839,30,1020,66,1187,77,170,94,1284,147,1240,272,6,284,1114,416,0,472,953,545,158,620,780,648,356,700,575,709
frame_2105.jpg,629,0,389,12,836,28,1015,64,168,100,1273,140,1233,264,3,296,1112,411,0,487,954,542,162,634,786,648,366,712,584,716,-1,-1
frame_2106.jpg,645,0,405,10,850,28,1026,64,1187,72,177,94,1279,139,1237,259,6,288,1116,401,0,477,962,530,165,622,792,631,370,698,590,699
frame_2113.jpg,608,0,818,10,1165,22,1001,28,368,33,1263,81,149,141,1229,207,0,351,1117,359,970,501,16,539,811,619,192,668,617,703,401,720
