12 (1).jpg,511,0,363,4,660,10,212,23,813,32,73,68,917,103,0,166,927,221,22,308,839,340,123,414,709,422,568,475,257,477,413,498
12 (2).jpg,512,0,364,4,659,10,213,23,814,31,75,67,918,103,0,166,927,221,23,308,840,340,124,414,709,422,569,475,259,478,414,498
12 (3).jpg,513,0,364,4,661,10,214,23,815,31,75,67,919,103,0,167,928,222,23,309,840,340,124,414,710,422,569,476,259,478,415,499
12 (4).jpg,511,0,363,4,660,9,213,22,814,30,74,67,918,103,0,166,927,221,22,308,840,340,124,414,709,422,569,475,258,478,414,498
12 (5).jpg,512,0,364,4,660,10,214,23,815,31,74,68,919,103,0,167,927,221,23,308,840,340,125,414,710,421,569,475,259,477,415,498
12 (6).jpg,512,0,363,4,660,10,213,23,815,32,75,67,918,103,0,167,928,222,23,308,840,340,125,414,710,422,569,476,259,478,415,499
12 (7).jpg,529,0,379,1,676,13,225,17,826,36,79,60,925,108,0,161,933,224,22,306,848,341,127,416,721,422,581,476,266,480,426,501
12 (9).jpg,541,0,386,3,694,10,229,21,853,34,81,67,960,107,0,169,970,228,20,318,881,351,126,431,745,436,598,494,268,498,434,519
12 (10).jpg,411,0,570,6,247,11,726,27,91,49,888,59,995,140,0,151,1003,267,11,311,908,391,116,436,766,475,264,517,610,529,437,547
12 (12).jpg,428,0,261,8,589,10,746,35,100,40,908,72,0,138,1016,154,1024,279,3,298,928,404,105,429,781,486,255,515,617,537,436,552
12 (14).jpg,398,0,557,5,241,13,722,25,94,48,899,58,2,141,1019,142,1027,279,0,290,913,412,87,414,747,494,220,502,572,538,391,545
12 (15).jpg,397,0,558,3,242,13,725,24,96,50,907,58,2,142,1029,143,1035,284,0,291,83,416,916,419,745,502,214,505,567,546,384,551
12 (16).jpg,540,0,382,4,712,14,232,24,901,39,92,66,1032,124,3,159,1041,272,0,305,917,417,78,427,737,506,203,514,554,553,369,559
12 (18).jpg,703,0,900,3,527,7,368,30,220,70,1042,71,82,129,1072,220,0,233,11,382,962,385,103,497,788,499,604,570,240,572,415,598
12 (19).jpg,749,0,959,5,562,8,392,32,235,72,1113,78,88,133,1141,238,0,242,7,399,1020,413,100,523,830,533,243,605,631,607,428,636
12 (20).jpg,790,0,589,6,1017,6,412,30,249,72,1185,88,96,134,0,244,1213,264,0,410,1073,456,86,542,859,581,230,635,640,653,422,675
12 (21).jpg,822,0,1065,2,611,9,427,37,261,82,1245,88,105,148,5,262,1273,276,0,432,1119,481,85,569,885,616,227,667,651,691,424,712
12 (22).jpg,839,0,624,5,1088,6,437,31,269,75,1274,97,113,139,8,252,1301,296,0,425,1136,507,78,568,891,641,218,673,648,713,416,727
12 (24).jpg,911,0,684,1,1166,13,479,24,287,66,1356,108,111,134,0,259,1389,303,3,449,1236,514,108,602,999,652,278,710,752,734,502,757
12 (25).jpg,699,0,924,1,1172,18,491,19,295,60,1356,111,113,128,0,255,1394,299,8,448,1255,502,125,604,1029,641,303,710,789,725,538,753
12 (26).jpg,751,0,534,10,977,13,1221,38,322,44,124,107,1399,139,0,238,1432,324,8,445,1298,521,137,612,1080,655,332,725,840,739,581,770
12 (27).jpg,776,0,558,7,997,12,1229,39,337,41,128,104,1398,134,0,242,1433,309,14,454,1314,497,160,622,1115,631,885,722,371,727,628,762
12 (30).jpg,723,0,519,2,926,18,311,27,1140,49,115,80,1296,143,0,208,1328,307,14,410,1219,480,152,572,1036,601,350,676,827,682,591,713
12 (33).jpg,861,0,1074,4,663,6,469,30,1239,76,276,78,98,147,1291,230,0,276,1203,409,30,463,1035,544,172,602,835,643,371,683,606,696
12 (35).jpg,701,0,504,5,896,15,303,32,1100,41,114,85,1245,128,0,210,1273,281,17,402,1168,443,153,551,995,558,797,636,345,643,573,671
12 (36).jpg,536,0,742,6,324,18,941,31,121,69,1147,69,1288,168,0,197,1305,327,18,403,1191,488,159,564,1013,600,356,666,813,673,587,702
12 (37).jpg,544,0,755,8,325,18,962,35,119,68,1172,77,1313,181,0,202,1324,345,23,410,1201,506,168,571,1018,615,364,673,817,684,593,710
12 (38).jpg,556,0,772,8,333,14,982,37,122,67,1199,82,1339,192,0,204,1344,361,18,416,1211,524,160,580,1019,633,355,685,812,702,585,726
12 (39).jpg,550,0,772,2,324,21,990,25,1217,67,115,81,1364,180,0,226,1367,355,30,438,1228,524,176,598,1032,637,370,697,824,709,597,735
12 (40).jpg,550,0,773,3,323,20,992,27,1219,70,113,78,1363,183,0,223,1363,356,31,431,1222,521,177,590,1026,631,370,688,819,701,595,725
12 (41).jpg,552,0,774,6,327,15,995,31,117,70,1223,76,1369,192,0,212,1370,366,26,422,1228,531,169,583,1028,640,361,686,817,708,588,729
12 (43).jpg,576,0,339,9,810,13,1042,47,120,63,1280,101,0,208,1425,229,1409,409,26,422,1248,572,171,586,1037,672,361,693,819,732,588,743
12 (44).jpg,573,0,811,8,336,13,1050,38,116,73,1297,89,1448,217,0,219,1434,402,29,430,1268,568,173,593,1050,672,366,699,827,733,594,746
12 (47).jpg,891,0,682,5,1115,6,479,30,278,78,1285,87,97,152,1328,251,0,288,1226,435,34,481,1046,573,179,622,841,672,376,705,610,722
12 (48).jpg,671,0,871,0,1085,13,475,17,281,57,1244,93,100,124,0,250,1280,252,1179,426,24,437,1002,555,160,578,801,643,349,663,576,686
12 (49).jpg,1070,0,836,14,627,38,1254,63,435,81,254,142,90,224,1315,230,0,354,1214,432,30,533,1023,587,160,664,808,695,344,741,574,753
12 (50).jpg,1069,0,824,29,1266,57,609,65,418,118,244,188,1332,233,87,276,0,407,1221,452,28,582,1014,619,149,709,787,734,326,784,550,795
12 (51).jpg,1058,0,808,39,1262,54,593,84,406,144,239,219,1333,236,87,312,0,446,1218,473,26,623,1003,653,140,752,771,776,310,829,532,840
12 (52).jpg,988,0,1202,34,739,67,531,133,358,210,1289,220,211,299,76,401,1179,483,0,536,960,691,23,708,124,832,726,832,283,904,492,908
12 (55).jpg,1069,0,1270,41,827,45,614,94,425,159,1353,207,252,241,92,342,1260,439,0,481,1059,629,27,663,829,770,154,792,579,854,342,861
12 (57).jpg,1097,0,868,12,662,32,1275,62,468,70,283,128,107,209,1337,223,0,338,1239,423,16,524,1046,580,142,663,822,694,334,745,574,757
12 (59).jpg,674,0,890,9,471,10,1129,35,279,42,105,103,1296,139,0,227,1314,319,14,412,1170,501,127,560,956,619,296,661,736,687,508,706
12 (60).jpg,680,0,917,5,467,16,1179,29,269,53,93,121,1364,147,0,256,1376,348,29,445,1213,543,149,595,986,663,319,696,758,731,530,745
12 (64).jpg,777,0,541,1,1024,22,313,24,1284,64,107,90,1456,192,0,237,1456,387,37,447,1291,567,182,608,1068,681,374,714,839,747,602,762
12 (65).jpg,572,0,812,5,336,18,1056,31,1311,79,120,79,1477,207,0,228,1477,400,30,446,1315,579,176,616,1093,693,377,727,861,762,615,778
12 (67).jpg,867,0,1118,11,612,10,1379,45,356,45,119,128,1549,164,0,301,1559,359,54,537,1410,552,1198,688,234,704,970,782,462,800,719,826
12 (68).jpg,420,0,540,2,300,9,666,13,175,33,755,61,61,74,774,154,0,156,716,256,23,273,616,332,115,358,502,384,235,405,371,413
12 (69).jpg,445,2,323,0,563,13,194,13,684,33,71,45,765,87,0,124,780,176,15,244,718,271,104,336,617,338,500,384,226,391,366,406
12 (70).jpg,549,0,424,3,680,6,298,17,174,46,775,54,57,92,799,150,0,178,740,258,27,297,638,339,122,381,520,398,246,426,386,431
12 (71).jpg,436,0,314,4,557,8,187,22,681,24,67,59,767,76,0,137,783,169,17,258,721,267,617,339,106,347,500,388,227,399,366,412
12 (73).jpg,316,0,191,5,435,8,552,27,71,28,671,54,0,99,749,113,755,203,5,216,686,292,84,311,580,351,196,373,462,387,330,398
12 (74).jpg,316,0,193,2,435,11,73,22,552,32,672,61,0,91,749,123,2,208,752,214,679,302,77,304,570,358,186,369,449,391,317,398
12 (79).jpg,565,0,725,3,401,13,891,18,233,44,1007,85,77,101,1028,208,0,214,949,340,39,370,819,438,166,480,673,508,327,539,504,547
12 (81).jpg,466,0,655,1,272,18,841,19,1033,53,94,71,1157,148,0,195,1160,296,28,374,1044,440,154,509,878,536,319,591,703,598,512,621
12 (82).jpg,319,0,531,7,118,35,737,33,937,77,1144,142,0,156,1263,263,5,351,1238,424,120,510,1085,560,284,619,891,639,484,677,692,680
12 (83).jpg,85,0,212,1,345,25,457,60,6,70,558,103,659,155,0,218,727,234,728,331,82,351,663,418,196,446,567,471,332,495,459,499
12 (84).jpg,93,0,224,1,357,25,472,61,8,71,573,104,675,155,0,220,741,234,738,330,80,354,669,417,195,447,571,469,462,497,332,494
12 (85).jpg,193,0,323,6,69,16,437,25,542,53,650,89,0,94,726,156,11,234,737,251,682,344,103,351,593,406,224,427,488,446,363,457
12 (86).jpg,199,0,75,7,326,13,435,39,532,72,0,82,633,113,699,183,2,225,706,274,89,346,649,361,562,418,204,427,461,453,338,462
12 (87).jpg,108,0,229,15,354,53,25,63,456,101,544,154,633,216,0,213,688,301,64,357,676,397,163,463,605,477,511,520,287,524,408,538
12 (88).jpg,82,0,215,7,355,39,3,75,473,84,575,137,681,201,0,244,753,292,757,403,86,401,694,499,209,515,597,556,355,577,489,585
12 (92).jpg,261,0,436,5,615,27,96,31,799,65,989,120,0,136,1102,233,12,302,1087,380,110,440,953,500,251,537,780,567,423,592,603,600
12 (93).jpg,414,0,603,3,240,12,805,22,81,61,1026,62,0,173,1172,175,27,334,1170,340,134,465,1026,483,279,555,836,565,457,605,645,607
12 (94).jpg,648,0,854,6,449,12,1070,29,257,38,82,105,1214,128,0,237,1225,287,49,413,1104,443,186,541,930,547,748,615,357,617,553,642
12 (95).jpg,869,0,655,0,450,17,1098,19,254,50,80,121,1255,120,0,256,1267,285,51,433,1138,450,190,561,955,560,764,633,363,637,563,661
12 (96).jpg,691,0,477,6,911,11,271,32,1142,44,86,97,1290,154,0,235,1289,323,49,421,1150,481,190,556,962,584,366,638,769,647,567,669
12 (97).jpg,700,0,484,6,922,12,275,30,1155,45,88,96,1304,157,0,235,1302,327,49,422,1159,486,190,557,968,587,367,640,773,651,570,672
12 (98).jpg,689,0,912,7,474,12,1146,32,267,42,84,112,1301,141,0,252,1302,311,50,435,1162,475,192,568,972,582,369,647,777,651,572,675
12 (99).jpg,871,0,648,5,1117,13,441,26,248,64,1293,116,79,136,0,269,1318,293,45,446,1183,471,179,579,984,590,355,661,778,665,563,691
12 (100).jpg,638,0,442,8,853,11,258,33,1092,42,93,89,1262,153,0,210,1282,339,17,389,1139,516,125,537,929,628,287,641,710,679,489,680
12 (105).jpg,688,0,505,6,886,15,330,31,1109,38,161,66,1276,112,39,147,1311,261,0,295,1171,425,68,429,938,529,212,532,686,583,432,590
12 (106).jpg,538,0,723,2,361,16,922,26,186,43,1145,61,53,116,1308,143,0,265,1329,298,56,404,1174,455,194,515,928,548,410,583,668,590
12 (108).jpg,526,1,403,0,283,11,657,10,166,34,747,65,58,77,0,158,762,164,695,270,21,273,587,346,103,357,469,396,212,407,341,420
12 (109).jpg,534,1,410,0,663,9,290,12,171,36,751,61,61,79,766,159,0,160,699,265,19,275,591,341,101,358,472,392,211,407,341,418
12 (110).jpg,512,0,391,3,641,7,275,16,162,41,731,57,57,83,749,153,0,161,683,259,17,270,576,334,94,351,457,386,201,399,329,410
12 (111).jpg,341,0,208,1,468,12,78,23,588,35,710,67,0,100,789,131,793,226,6,227,721,318,91,331,611,379,211,398,489,416,352,427
12 (113).jpg,545,0,425,2,668,6,304,15,178,43,757,52,61,90,780,144,0,178,726,249,26,299,630,330,122,383,518,390,247,426,386,427
12 (114).jpg,448,0,321,3,572,9,190,19,698,27,66,55,783,84,0,142,795,179,22,267,730,278,627,350,117,358,510,400,239,411,378,424
12 (115).jpg,209,0,344,5,78,20,471,22,593,49,716,86,0,97,791,156,5,224,788,252,87,329,709,340,596,395,202,399,473,427,338,432
12 (117).jpg,392,0,540,2,237,14,684,15,829,40,86,53,925,109,0,154,936,220,17,302,858,334,734,416,123,415,593,474,267,481,433,501
frame_0000.jpg,408,0,554,4,261,8,120,29,703,30,849,80,12,112,917,178,0,236,890,303,84,348,783,401,208,421,645,452,351,465,500,474
frame_0002.jpg,408,0,555,4,261,8,120,28,704,30,849,80,12,112,916,178,0,236,890,304,84,348,783,400,208,421,645,452,351,465,500,474
frame_0004.jpg,409,0,555,5,261,8,120,28,704,30,849,80,12,112,916,178,0,235,891,304,84,348,783,401,208,421,645,452,351,465,500,474
frame_0007.jpg,409,0,554,4,261,8,120,28,704,30,849,80,11,113,916,178,0,236,890,304,84,348,783,400,208,421,645,452,351,465,500,474
frame_0009.jpg,408,0,555,5,261,7,120,28,703,30,849,80,11,112,916,178,0,236,890,303,84,348,783,400,208,421,645,452,351,464,500,474
frame_0011.jpg,408,0,555,4,261,8,120,28,704,30,849,79,12,112,917,178,0,236,890,304,84,348,783,401,208,421,645,452,351,465,500,474
frame_0012.jpg,408,0,555,4,261,8,120,28,704,31,849,80,12,112,917,178,0,236,890,304,85,347,783,401,208,421,645,452,351,465,500,474
frame_0014.jpg,408,0,555,4,261,8,120,28,703,30,849,80,12,112,916,178,0,236,890,304,84,348,783,400,208,421,645,452,351,465,500,474
frame_0015.jpg,408,0,554,4,261,8,120,28,703,30,849,80,12,112,916,178,0,236,890,304,84,348,783,400,208,421,645,452,351,465,500,474
frame_0016.jpg,408,0,555,4,261,8,120,27,704,30,849,80,12,112,916,178,0,236,891,304,84,348,783,400,208,421,645,452,351,465,500,475
frame_0018.jpg,408,0,555,4,261,7,119,29,704,30,849,79,11,112,916,178,0,236,891,304,84,348,783,400,208,421,645,452,351,465,500,474
frame_0019.jpg,409,0,554,4,261,8,120,29,704,31,849,80,12,112,916,179,0,236,891,304,84,348,783,400,208,421,645,452,351,465,500,474
frame_0020.jpg,409,0,554,4,261,8,120,28,704,30,849,80,12,112,916,178,0,236,890,304,84,348,783,400,208,421,645,452,351,464,500,474
frame_0023.jpg,407,0,554,4,260,8,120,29,704,30,849,79,12,112,917,178,0,236,891,304,84,348,783,400,208,421,645,452,351,465,500,474
frame_0025.jpg,408,0,554,4,261,7,120,28,704,31,849,79,11,113,916,179,0,236,890,304,84,347,783,401,208,421,645,452,351,465,500,474
frame_0027.jpg,408,0,554,4,261,8,120,28,703,30,849,80,12,112,916,178,0,236,890,304,84,348,783,401,208,421,645,452,351,464,500,475
frame_0029.jpg,408,0,554,4,262,8,120,28,704,30,849,80,12,112,916,178,0,236,890,304,84,348,783,401,208,421,645,452,351,465,500,474
frame_0030.jpg,408,0,555,4,261,8,120,28,703,30,849,80,12,112,916,178,0,236,890,304,84,348,783,401,208,421,645,452,351,464,500,474
frame_0031.jpg,408,0,555,4,261,8,120,27,703,30,849,80,11,112,916,178,0,236,890,304,84,348,783,401,208,421,645,452,351,464,500,474
frame_0032.jpg,408,0,554,5,261,8,119,29,703,30,849,80,12,112,916,178,0,236,890,304,84,348,783,401,208,421,645,452,351,465,500,474
frame_0033.jpg,408,0,554,4,261,8,119,29,704,30,849,79,12,112,916,178,0,236,890,303,85,348,783,401,208,421,645,452,351,465,500,474
frame_0034.jpg,408,0,554,4,261,8,120,29,703,31,849,80,12,112,916,178,0,236,890,304,84,348,783,401,208,421,645,452,351,465,500,474
frame_0035.jpg,408,0,554,4,261,8,120,28,703,30,849,79,12,112,916,178,0,236,890,303,84,348,783,401,208,421,645,452,351,465,500,474
frame_0036.jpg,408,0,555,4,261,8,120,28,704,30,849,79,12,112,917,178,0,236,890,303,84,348,783,401,208,421,645,452,351,465,500,475
frame_0037.jpg,409,0,555,5,261,9,120,30,703,31,849,81,12,113,917,179,0,237,891,305,84,349,783,402,208,422,645,453,351,465,500,476
frame_0038.jpg,408,0,555,4,261,8,120,28,704,30,849,79,11,112,916,178,0,236,890,304,84,348,783,401,208,421,645,452,351,464,500,474
frame_0039.jpg,407,0,555,4,261,8,120,29,703,30,849,80,12,112,916,178,0,236,890,304,84,348,783,401,208,421,645,452,351,465,500,474
frame_0040.jpg,408,0,554,4,261,7,120,28,703,30,849,80,11,113,916,178,0,236,890,304,84,348,783,401,208,421,645,452,351,465,500,474
frame_0041.jpg,409,0,555,5,261,8,120,28,703,30,849,79,12,112,917,178,0,236,890,303,84,348,783,401,208,421,645,452,351,465,500,474
frame_0042.jpg,408,0,554,4,261,8,120,28,704,31,849,80,12,112,917,178,0,236,891,304,84,348,783,400,208,421,645,452,351,465,500,475
frame_0043.jpg,409,0,555,4,262,8,121,28,705,30,850,80,13,112,917,179,0,236,891,303,85,348,784,400,209,421,646,452,352,465,501,474
frame_0046.jpg,408,0,555,4,261,8,119,29,703,30,849,80,11,112,916,178,0,236,890,304,84,348,783,400,208,421,645,452,351,465,500,474
frame_0048.jpg,409,0,554,4,261,8,120,28,704,31,849,80,12,112,916,178,0,236,891,304,84,348,783,401,208,421,645,452,351,465,500,474
frame_0049.jpg,408,0,555,4,261,8,120,28,703,30,849,80,11,112,916,178,0,236,891,304,84,348,783,401,208,421,645,452,351,465,500,474
frame_0051.jpg,408,0,555,4,261,8,120,28,703,30,849,80,12,112,916,178,0,235,890,304,84,348,783,400,208,421,645,452,351,465,500,475
frame_0052.jpg,408,0,555,5,261,8,120,28,703,30,849,79,12,112,916,178,0,236,890,304,84,348,783,400,208,421,645,452,351,465,500,474
frame_0055.jpg,409,0,556,4,262,8,121,28,704,30,850,80,13,112,917,178,0,236,891,304,85,348,784,401,209,421,646,452,352,465,501,475
frame_0056.jpg,408,0,555,4,261,8,120,28,703,30,849,80,12,112,916,178,0,235,890,304,84,348,783,401,208,421,645,452,351,464,500,474
frame_0057.jpg,409,0,556,4,262,8,121,28,705,30,850,80,13,112,916,178,0,236,891,304,85,348,784,401,209,421,646,452,352,465,501,475
frame_0058.jpg,408,0,555,4,261,7,120,28,704,30,849,80,12,112,916,178,0,236,890,304,84,348,783,401,208,421,645,452,351,465,500,474
frame_0059.jpg,409,0,556,4,262,8,121,28,704,30,850,80,13,112,917,178,0,236,891,304,85,348,784,400,209,421,646,452,352,464,501,474
frame_0062.jpg,408,0,554,5,261,8,120,29,704,31,849,81,12,113,916,179,0,237,890,305,84,349,783,401,208,422,645,453,351,466,500,476
frame_0063.jpg,408,0,555,4,261,8,119,29,703,30,849,80,12,112,916,178,0,236,890,303,84,348,783,400,208,421,645,452,351,465,500,474
frame_0064.jpg,408,0,554,5,262,9,119,30,704,31,849,81,12,113,915,179,0,237,891,305,84,349,783,402,208,422,645,453,351,466,500,475
frame_0066.jpg,408,0,555,4,261,8,121,27,703,30,849,80,12,112,916,178,0,236,890,304,84,348,783,400,208,421,645,452,351,465,500,474
frame_0067.jpg,409,0,555,4,261,8,120,29,703,30,849,79,11,112,916,178,0,236,890,303,84,348,783,401,208,421,645,452,351,465,500,474
frame_0069.jpg,408,0,555,4,261,8,120,29,704,30,849,80,11,112,916,178,0,236,890,304,84,348,783,400,208,421,645,452,351,465,500,474
frame_0070.jpg,408,0,554,5,261,9,120,29,704,31,849,80,12,113,916,179,0,237,891,305,84,349,783,401,208,422,645,453,351,466,500,475
frame_0071.jpg,409,0,555,4,261,8,120,28,703,30,849,80,11,112,916,178,0,236,890,304,84,348,783,401,208,421,645,452,351,465,500,475
frame_0075.jpg,407,0,554,4,261,8,120,29,703,30,849,79,11,113,916,178,0,236,890,304,84,348,783,400,208,421,645,452,351,464,500,474
frame_0078.jpg,408,0,554,4,261,8,120,28,704,30,849,80,11,112,916,178,0,236,890,304,84,348,783,400,208,421,645,452,351,465,500,474
frame_0079.jpg,408,0,555,4,261,8,119,29,704,30,849,80,13,111,916,178,0,236,890,304,84,348,783,400,208,421,645,452,351,465,500,475
frame_0080.jpg,408,0,555,4,261,8,120,28,704,30,849,80,12,112,916,178,0,236,890,304,84,348,783,401,208,421,645,452,351,465,500,475
frame_0085.jpg,408,0,555,5,261,8,120,29,703,30,849,80,12,112,916,178,0,236,891,304,84,348,783,401,208,421,645,452,351,465,500,475
frame_0087.jpg,408,0,555,4,261,8,120,28,703,30,849,80,11,112,917,178,0,235,891,304,84,348,783,401,208,421,645,452,351,465,500,474
frame_0088.jpg,407,0,555,5,261,7,121,27,704,30,850,80,11,112,916,178,0,236,890,304,84,348,783,401,208,421,645,452,351,465,500,475
frame_0089.jpg,408,0,554,5,261,8,120,28,703,30,849,80,12,112,916,178,0,235,890,304,84,348,783,401,208,421,645,452,351,465,500,474
frame_0090.jpg,408,0,555,6,261,8,121,29,703,31,849,81,12,113,916,180,0,237,890,305,84,349,783,402,208,422,645,453,351,466,500,475
frame_0091.jpg,408,0,554,4,261,8,120,28,703,30,849,80,12,112,916,178,0,236,891,304,84,348,783,401,208,421,645,452,351,465,500,474
frame_0092.jpg,409,0,554,5,261,9,120,29,703,31,849,80,12,112,916,179,0,236,891,305,84,348,783,401,208,421,645,453,351,465,500,475
frame_0093.jpg,407,0,554,4,261,7,120,28,703,30,849,80,12,111,916,178,0,235,890,303,84,347,782,400,208,420,644,452,350,464,499,474
frame_0094.jpg,409,0,555,5,262,8,121,28,704,30,850,79,12,112,916,178,0,235,891,303,84,346,783,399,208,420,645,451,350,464,500,473
frame_0095.jpg,408,0,554,5,260,9,118,29,702,30,848,79,11,112,916,177,0,236,892,302,85,349,786,398,211,422,649,451,355,465,504,474
frame_0096.jpg,409,0,556,6,262,8,120,28,704,31,849,81,10,112,917,178,0,237,894,303,87,350,789,399,214,423,653,451,359,466,508,474
frame_0098.jpg,410,0,556,6,263,8,123,26,703,33,847,82,14,110,913,179,0,233,888,304,83,345,782,400,206,420,644,452,349,464,499,474
frame_0099.jpg,409,0,554,4,263,8,122,29,703,30,847,77,13,112,915,175,0,235,890,300,83,347,783,397,207,420,645,449,350,463,500,472
frame_0100.jpg,410,0,555,4,264,8,124,27,704,30,849,78,15,109,917,176,0,231,891,301,82,342,782,397,204,416,643,449,346,460,496,470
frame_0103.jpg,410,0,555,3,263,8,123,28,703,29,849,77,14,110,917,174,0,234,893,299,83,345,787,397,207,419,648,449,350,463,501,472
frame_0104.jpg,410,0,555,4,263,9,123,28,703,29,848,77,14,111,917,173,0,233,893,298,82,344,786,396,205,417,646,447,349,460,500,470
frame_0106.jpg,408,0,554,3,262,9,703,27,124,30,852,74,16,111,923,172,0,233,898,300,81,344,788,399,202,418,645,451,345,463,497,474
frame_0107.jpg,409,0,556,3,263,9,707,27,124,29,856,76,16,112,926,175,0,233,901,302,80,345,790,400,202,419,646,453,345,464,497,475
frame_0111.jpg,423,0,577,1,270,13,740,26,127,36,902,75,17,120,979,179,0,244,951,317,80,358,827,421,203,435,671,475,351,483,511,497
frame_0112.jpg,582,0,425,1,270,15,747,22,126,40,914,71,16,127,994,177,0,253,967,317,81,367,843,425,206,444,684,482,357,493,520,505
frame_0114.jpg,447,0,612,2,286,11,785,30,136,34,961,84,20,120,1044,197,0,249,1011,344,80,369,207,453,876,454,362,508,705,508,532,526
frame_0115.jpg,615,0,447,1,283,15,792,24,132,40,973,78,16,131,1060,193,0,263,1033,341,85,385,898,458,217,468,727,516,377,521,551,538
frame_0116.jpg,452,0,621,0,288,14,797,25,134,39,975,76,16,131,1063,189,0,267,1038,338,90,390,909,453,226,474,740,514,389,526,565,539
frame_0118.jpg,646,0,472,2,301,19,828,24,141,48,1012,76,17,146,1103,192,0,289,1078,347,93,419,945,470,235,504,770,537,406,556,589,566
frame_0119.jpg,486,0,664,0,312,15,849,27,148,43,1036,81,19,142,1127,200,0,287,1100,359,95,420,964,482,240,509,786,549,414,564,601,576
frame_0122.jpg,521,0,343,5,700,11,175,21,886,50,34,111,1073,115,1164,242,0,259,1134,403,85,405,231,509,991,526,411,579,803,585,608,604
frame_0125.jpg,529,0,347,7,715,10,178,23,910,49,35,111,1109,117,1205,249,0,257,82,401,1170,417,224,506,1013,541,405,581,813,597,607,611
frame_0126.jpg,529,0,345,8,718,9,175,26,919,48,35,114,1124,117,1224,253,0,260,80,404,1188,424,222,511,1026,551,403,588,819,609,608,621
frame_0128.jpg,536,0,350,6,729,11,178,22,933,55,37,110,1142,128,0,255,1242,267,80,402,1202,442,221,512,1034,568,402,591,823,621,609,630
frame_0129.jpg,534,0,348,7,726,11,176,24,929,53,34,115,1135,124,0,264,1235,264,85,412,1198,439,230,522,1035,567,412,599,829,622,618,633
frame_0130.jpg,534,0,350,3,175,16,719,15,909,58,30,106,1099,127,1192,255,0,257,93,406,1163,418,246,513,1019,539,431,585,830,597,631,612
frame_0134.jpg,475,0,691,2,275,19,928,25,99,74,1194,76,0,199,1367,212,16,384,1354,413,124,536,1166,587,278,646,927,680,477,711,698,720
frame_0135.jpg,846,0,617,3,1111,17,417,23,241,62,84,129,1299,133,0,254,1310,340,22,426,1137,535,124,565,905,650,272,663,679,709,465,714
frame_0193.jpg,641,0,817,5,468,19,993,38,291,54,122,102,1086,139,0,221,1082,287,6,374,978,419,131,494,829,506,298,558,663,562,482,582
frame_0195.jpg,667,0,490,12,845,14,309,40,1021,52,133,81,1112,156,2,197,1104,303,0,353,994,432,124,481,840,516,293,552,668,568,481,582
frame_0196.jpg,680,0,501,7,858,17,318,31,1034,61,140,68,1125,168,6,183,1114,318,0,342,1002,447,122,474,845,529,291,551,670,578,481,587
frame_0198.jpg,696,0,513,8,881,17,325,33,1066,62,144,71,1161,174,7,189,1149,330,0,351,1031,463,124,487,866,547,296,567,686,596,490,604
frame_0199.jpg,713,0,525,9,901,18,334,34,1087,64,150,74,1182,179,8,194,1167,339,0,359,1046,476,124,499,877,561,298,581,693,611,495,620
frame_0200.jpg,720,0,529,10,913,18,335,38,1105,64,149,78,1203,181,7,200,1189,344,0,367,1064,484,125,508,892,571,302,591,704,621,502,630
frame_0201.jpg,732,0,538,8,927,18,342,34,1122,66,154,74,1221,185,10,195,1206,350,0,363,1078,490,125,505,902,577,303,591,710,626,505,633
frame_0202.jpg,739,0,544,7,936,20,346,34,1133,69,157,71,1235,189,11,192,1220,355,0,361,1091,497,125,506,913,583,304,594,718,632,509,638
frame_0205.jpg,764,0,562,12,970,18,357,41,1176,65,161,84,1286,188,11,211,1275,363,0,386,1144,512,132,536,957,607,320,625,754,661,535,669
frame_0207.jpg,787,0,999,14,577,16,366,51,1212,58,161,102,1327,184,6,239,1321,365,0,425,1191,525,142,579,1003,628,342,667,795,691,568,706
frame_0208.jpg,796,0,1012,13,582,20,1230,55,364,60,157,112,1347,182,2,254,1342,366,0,444,1211,530,147,599,1022,637,352,686,812,704,582,723
frame_0209.jpg,814,0,1031,15,598,15,377,51,1249,61,165,102,1367,189,5,244,1361,373,0,437,1230,535,151,597,1040,641,360,686,827,707,594,725
frame_0210.jpg,837,0,618,11,1057,22,393,44,1275,72,177,91,1391,204,10,231,1381,390,0,427,1245,552,148,593,1050,657,358,689,833,720,595,733
frame_0211.jpg,872,0,647,6,1094,27,417,34,192,78,1315,83,1428,221,16,219,1413,412,0,422,1272,575,150,596,1074,679,365,699,851,739,608,749
frame_0212.jpg,895,0,665,6,1123,28,429,35,198,80,1348,86,17,222,1461,227,1446,421,0,429,1300,587,153,605,1095,691,372,710,869,752,621,761
frame_0213.jpg,911,0,677,5,1144,29,438,32,204,75,1373,91,18,220,1489,234,1472,432,0,430,1322,599,153,611,1111,704,374,719,879,765,626,772
frame_0214.jpg,920,0,682,6,1157,29,440,34,206,77,1394,91,20,221,1513,239,0,432,1495,440,1339,611,151,614,1122,717,372,725,883,777,625,782
frame_0216.jpg,931,0,688,9,1177,27,441,41,204,88,1422,87,1550,238,18,237,1535,449,0,450,1377,627,154,635,1153,739,380,748,906,801,641,807
frame_0217.jpg,940,0,695,12,1186,25,445,47,1431,82,204,95,1562,231,14,249,1554,441,0,468,1403,622,164,656,1184,739,401,766,938,807,668,819
frame_0219.jpg,986,0,734,9,1235,27,474,43,1482,89,221,93,1611,241,19,253,1600,454,0,483,1446,640,171,680,1224,760,418,794,974,833,697,849
frame_0220.jpg,993,0,740,9,1244,28,479,43,1492,89,222,94,1622,241,19,255,1611,455,0,487,1456,641,173,684,1235,762,423,799,982,836,703,852
frame_0222.jpg,994,0,742,7,1244,31,480,38,226,86,1493,94,1624,248,22,246,1612,462,0,476,1455,647,169,675,1231,767,416,792,977,838,697,849
frame_0223.jpg,996,0,742,6,1246,30,481,38,225,87,1496,94,21,244,1625,249,1612,464,0,475,1454,649,168,674,1228,768,415,793,974,839,694,850
frame_0224.jpg,994,0,741,7,1245,31,480,37,225,86,1494,95,21,244,1624,251,1611,466,0,476,1453,652,169,676,1228,771,414,795,973,842,694,853
frame_0225.jpg,994,0,742,5,1244,32,479,36,225,81,1492,98,21,238,1620,253,1606,467,0,469,1449,651,169,669,1225,767,415,789,973,837,694,847
frame_0228.jpg,952,0,702,10,1200,27,450,44,1450,89,207,93,1578,243,17,247,1562,456,0,467,1402,638,159,656,1175,753,391,769,927,819,657,826
frame_0229.jpg,931,0,687,11,1179,25,438,46,1426,84,201,95,1555,236,16,246,1540,447,0,461,1381,627,157,645,1158,740,385,756,911,805,646,813
frame_0230.jpg,918,0,676,10,1161,26,432,43,1403,84,197,92,1530,233,15,241,1517,440,0,454,1362,618,157,636,1143,729,382,746,901,793,640,800
frame_0231.jpg,905,0,669,10,1144,26,427,43,1380,84,195,92,1504,230,14,238,1491,433,0,448,1339,606,154,627,1124,717,376,735,887,780,630,788
frame_0233.jpg,878,0,648,11,1105,22,411,46,1333,78,183,96,1450,217,9,243,1437,413,0,450,1294,581,157,623,1092,690,376,722,868,755,622,768
frame_0235.jpg,826,0,609,14,1044,19,385,50,1259,67,170,98,1374,196,6,241,1366,380,0,437,1233,542,150,599,1043,648,361,690,830,713,596,730
frame_0236.jpg,821,0,608,9,1034,22,386,40,1244,74,173,85,1354,203,10,223,1343,385,0,418,1210,543,147,581,1022,644,353,675,813,705,583,717
frame_0237.jpg,819,0,608,5,1028,26,388,30,176,70,1234,83,13,203,1338,214,1321,393,0,394,1187,544,141,558,1000,639,341,654,792,694,567,702
frame_0238.jpg,804,0,595,4,1010,27,380,27,171,67,1215,84,12,196,1317,214,0,383,1299,391,1164,539,138,544,978,631,332,640,773,683,553,688
frame_0239.jpg,786,0,580,3,369,26,990,28,166,65,1192,84,12,190,1292,214,0,373,1273,389,132,531,1136,535,952,623,320,626,750,672,534,675
frame_0241.jpg,752,0,556,3,355,24,946,25,163,58,1139,80,15,177,1235,202,0,350,1216,368,125,501,1086,507,908,591,304,591,716,637,508,639
frame_0242.jpg,742,0,549,2,351,22,931,26,161,56,1120,79,15,171,1215,200,0,341,1196,363,123,490,1069,498,895,581,299,580,705,626,501,627
frame_0243.jpg,726,0,538,3,343,22,913,25,155,56,1098,76,11,174,1191,195,0,344,1176,355,1056,489,126,491,889,572,303,579,704,619,504,623
frame_0245.jpg,535,0,718,0,343,16,895,27,157,47,1070,80,13,160,1156,194,0,327,1139,346,1021,473,122,473,861,552,296,558,684,597,491,601
frame_0247.jpg,528,0,705,3,340,15,880,30,158,42,1053,82,16,152,1138,195,0,314,1121,345,117,457,1005,469,286,544,845,545,669,588,478,589
frame_0249.jpg,613,1,409,0,208,8,813,24,1018,66,56,74,1242,121,1411,211,0,231,1450,360,81,389,1322,504,261,523,1089,589,527,607,820,625
frame_0250.jpg,187,3,380,0,579,7,772,36,46,66,965,83,1175,141,0,227,1334,234,1373,378,90,387,1261,516,274,523,1052,598,532,609,808,628
frame_0274.jpg,527,0,401,0,663,9,282,11,167,35,758,64,59,76,0,155,776,167,17,268,705,276,590,353,95,353,466,402,203,407,333,424
frame_0275.jpg,516,0,393,1,648,7,276,14,163,39,741,60,58,81,0,160,759,161,691,271,16,273,579,350,92,358,457,401,198,409,327,425
frame_0276.jpg,673,0,495,8,848,17,307,31,1014,65,127,72,1090,174,0,195,1065,320,3,357,949,442,128,482,800,520,290,551,641,568,467,580
frame_0277.jpg,679,0,499,7,852,18,311,29,1019,65,129,68,1094,174,0,192,1067,318,3,350,953,438,129,477,804,514,293,544,644,561,470,574
frame_0278.jpg,673,0,497,8,845,16,308,31,1012,61,129,70,1088,167,0,192,1065,310,3,350,952,430,129,474,805,507,293,540,645,555,471,568
frame_0281.jpg,667,0,839,3,489,20,1007,38,302,57,121,111,1090,142,0,246,1075,288,12,408,970,418,827,508,146,526,671,570,316,582,497,597
frame_0282.jpg,662,0,832,4,486,21,999,37,299,57,120,111,1082,138,0,244,1072,280,14,404,972,408,833,497,152,521,679,560,323,574,506,588
frame_0285.jpg,689,0,859,9,510,15,315,47,1024,48,128,97,1103,150,0,233,1088,293,15,401,986,419,846,505,159,522,692,566,335,578,520,594
frame_0286.jpg,687,0,856,8,510,18,1017,46,317,51,131,102,1095,149,0,240,1077,294,8,405,972,420,832,509,146,528,678,571,320,584,504,599
frame_0287.jpg,839,0,670,0,495,26,1004,30,305,68,123,128,1087,130,0,269,1077,276,978,408,17,435,841,503,159,550,690,571,333,599,518,606
frame_0289.jpg,841,0,667,4,1010,29,488,34,296,81,1095,130,116,144,1084,280,0,290,982,417,20,454,843,515,161,567,689,585,333,615,517,621
frame_0291.jpg,834,0,664,5,1001,26,487,36,296,84,1086,125,115,152,1078,271,0,298,982,407,24,464,847,506,170,575,698,579,345,617,528,619
frame_0292.jpg,835,0,668,3,997,28,493,31,302,76,1082,125,119,141,1074,268,0,289,984,401,26,457,854,498,177,569,708,571,540,612,355,611
frame_0293.jpg,845,0,680,2,1005,30,505,28,312,71,1086,127,125,134,1077,270,0,284,984,402,22,455,855,499,709,572,174,570,540,614,354,613
frame_0294.jpg,849,0,684,0,509,24,1009,31,314,68,1087,128,126,128,1079,271,0,278,985,401,21,448,855,498,172,565,709,570,538,610,352,608
frame_0295.jpg,851,0,686,0,509,26,1012,30,315,69,1090,128,126,133,1081,273,0,284,985,405,20,456,854,503,171,572,708,577,537,617,351,617
frame_0296.jpg,853,0,686,0,509,26,1015,32,314,70,1094,131,126,132,1081,275,0,282,987,408,20,456,855,505,170,572,707,578,350,616,535,618
frame_0297.jpg,855,1,686,0,508,26,1017,32,313,69,1095,131,125,132,1082,277,0,281,984,410,18,451,850,506,165,567,701,578,343,613,528,616
frame_0298.jpg,850,0,683,2,1013,30,506,28,312,73,1094,129,124,136,1085,274,0,287,988,407,21,457,857,505,172,573,707,577,350,616,536,618
frame_0301.jpg,851,0,684,2,1011,29,508,30,315,75,1091,126,125,140,1082,269,0,292,990,402,23,465,861,501,715,575,177,579,545,618,358,620
frame_0303.jpg,852,0,686,3,1012,27,509,32,314,80,1092,125,125,146,1083,270,0,301,990,405,23,476,861,505,716,582,176,589,545,627,358,629
frame_0304.jpg,852,0,686,5,1014,28,509,34,315,82,1094,125,125,149,1086,269,0,304,995,402,25,477,867,503,722,580,181,589,550,624,364,629
frame_0311.jpg,864,0,692,15,1031,18,511,56,1119,110,312,117,118,199,1122,255,0,366,1037,396,912,505,40,541,768,593,212,643,597,652,404,669
frame_0312.jpg,878,0,707,12,1045,23,524,49,321,108,1134,118,124,187,1132,264,0,354,1049,405,923,513,38,534,778,599,212,641,604,656,408,670
frame_0313.jpg,902,0,730,5,1065,26,546,37,338,89,1149,121,132,164,1146,265,0,332,1060,400,936,505,35,515,790,589,214,626,614,644,415,657
frame_0314.jpg,909,0,738,2,1072,29,553,32,344,79,1154,127,136,153,1149,270,0,321,1062,406,935,509,34,507,789,592,211,622,612,645,413,657
frame_0320.jpg,897,2,724,0,542,25,1058,36,336,69,135,134,1136,138,1125,285,0,292,1029,420,24,476,895,520,747,596,187,597,571,639,378,641
frame_0322.jpg,897,2,727,0,543,23,1058,38,337,66,136,129,1136,141,1122,289,0,289,1024,424,22,472,890,523,741,598,184,595,566,641,372,640
frame_0324.jpg,874,0,700,4,1041,28,518,35,318,85,1123,129,124,154,1114,278,0,312,1018,416,28,487,885,517,735,595,186,601,561,639,372,642
frame_0325.jpg,859,0,688,8,1027,26,507,42,310,95,1113,125,121,166,1106,274,0,323,1011,413,28,496,878,517,729,595,184,607,555,641,367,646
frame_0331.jpg,850,0,670,15,1026,18,486,58,292,119,1118,117,110,195,1114,271,0,351,1016,414,34,517,880,521,728,602,188,620,554,649,368,656
frame_0332.jpg,842,0,1018,14,661,19,479,64,1115,109,286,128,105,209,1117,259,0,368,1027,404,894,513,42,532,746,598,203,630,574,649,387,661
frame_0335.jpg,851,0,1035,12,668,23,482,72,1133,108,288,138,106,222,1134,263,0,381,1039,411,902,523,42,545,748,609,201,644,573,662,384,674
frame_0336.jpg,853,0,1037,12,668,21,481,69,1137,108,287,136,105,218,1139,261,0,377,1045,408,908,519,43,541,754,604,204,640,578,657,389,669
frame_0337.jpg,870,0,1061,15,677,20,485,66,1161,118,289,129,108,210,1154,277,0,365,1047,427,35,527,899,536,736,617,187,630,556,663,367,667
frame_0341.jpg,901,0,712,8,1084,24,519,43,316,94,1178,126,121,167,1171,278,0,323,1069,418,35,491,926,520,766,596,197,599,583,639,387,641
frame_0342.jpg,908,0,710,9,1103,25,513,46,310,98,1199,133,121,168,1183,292,0,317,1066,437,25,484,907,538,174,597,737,612,356,643,549,649
frame_0343.jpg,944,0,728,2,522,32,1161,37,316,76,130,135,1265,159,0,275,1241,336,5,440,1097,487,135,568,911,585,311,635,716,646,510,664
frame_0348.jpg,720,0,921,14,522,12,320,37,1119,63,132,83,1212,184,0,213,1185,347,4,376,1051,480,133,508,877,563,306,582,693,612,498,619
frame_0349.jpg,723,0,922,12,526,15,324,44,1117,58,134,90,1209,176,0,221,1182,337,5,386,1051,470,137,516,880,555,312,587,699,608,505,620
frame_0350.jpg,724,0,923,12,527,14,325,42,1117,59,134,88,1208,177,0,221,1183,337,5,387,1052,471,138,517,881,555,313,588,700,609,506,620
frame_0351.jpg,728,0,929,13,528,14,327,40,1125,62,136,86,1214,182,0,218,1183,345,2,382,1047,478,130,514,872,562,302,586,688,612,494,622
frame_0352.jpg,719,0,923,7,518,18,317,51,1125,50,130,101,1221,170,0,234,1194,336,7,395,1057,474,137,523,881,561,309,593,696,613,501,625
frame_0353.jpg,715,0,922,3,514,23,1127,42,313,61,127,114,1228,160,0,249,1204,326,9,410,1068,465,140,534,892,557,314,600,705,614,508,630
frame_0354.jpg,716,0,922,5,515,22,1128,45,315,58,128,112,1229,163,0,246,1209,331,8,410,1075,474,140,538,898,566,316,607,710,622,512,638
frame_0355.jpg,725,0,929,9,525,19,323,50,1131,54,132,102,1228,174,0,236,1205,341,5,402,1072,481,138,534,897,570,315,606,710,626,512,639
frame_0363.jpg,744,0,952,15,540,13,336,40,1160,65,143,86,1259,190,2,217,1235,364,0,386,1095,505,130,527,911,592,309,608,716,643,510,650
frame_0365.jpg,739,0,952,11,533,17,330,50,1166,57,138,99,1274,183,0,233,1254,359,2,403,1114,506,135,541,927,598,315,621,728,652,519,661
frame_0367.jpg,752,0,543,14,969,17,337,42,1185,68,141,89,1292,198,0,222,1271,378,0,397,1128,525,134,541,938,615,317,627,736,666,524,671
frame_0368.jpg,766,0,554,12,984,17,344,40,1201,69,147,84,1308,201,0,219,1285,381,1,396,1141,528,136,542,950,618,322,629,746,669,531,674
frame_0370.jpg,760,0,986,17,545,14,339,45,1216,69,146,91,1333,207,3,224,1309,396,0,398,127,546,1154,548,308,637,950,639,736,688,516,688
frame_0371.jpg,775,0,557,9,1004,22,347,35,152,79,1237,83,6,209,1351,227,0,387,1321,422,126,541,1159,574,305,638,951,660,513,696,734,702
frame_0374.jpg,764,0,542,13,1007,19,336,42,1256,79,147,87,7,214,1379,233,0,383,1340,436,117,532,1159,591,286,630,934,672,487,693,708,707
frame_0376.jpg,742,0,519,15,990,17,319,46,1249,80,136,94,4,220,1376,239,0,387,1333,450,112,533,1145,607,275,632,913,687,469,698,686,717
frame_0381.jpg,694,0,945,7,478,25,289,63,1217,58,121,114,1364,218,1,236,0,394,1329,440,104,535,1136,606,258,632,895,688,447,696,663,718
frame_0385.jpg,697,0,953,9,480,23,293,61,1230,62,125,112,2,237,1378,230,0,398,1340,462,102,543,1138,631,255,644,441,714,893,711,658,738
frame_0386.jpg,686,0,944,11,470,22,287,58,1229,69,123,108,5,229,1381,243,0,389,1340,479,98,534,245,638,1130,649,427,713,879,724,642,745
frame_0388.jpg,663,0,921,7,448,28,271,68,1208,61,112,123,1365,240,0,249,4,410,1326,487,104,553,250,655,1119,659,428,728,869,738,636,759
frame_0389.jpg,658,0,915,2,444,30,1198,51,267,73,110,130,1355,228,0,258,5,419,1316,474,108,560,1112,648,254,659,431,728,866,729,638,754
frame_0392.jpg,668,0,921,13,459,19,285,53,1200,76,127,102,8,223,1349,256,0,385,1303,500,92,533,233,641,1094,668,406,720,846,739,614,756
frame_0393.jpg,656,0,913,10,446,23,273,60,1200,70,117,112,1,236,1359,258,0,398,1317,512,93,547,236,655,1104,687,409,737,851,759,617,775
frame_0394.jpg,649,0,911,5,438,28,266,68,1207,61,114,122,1,247,1371,251,0,406,1325,512,91,552,228,660,1102,691,399,741,843,764,606,778
frame_0395.jpg,672,0,931,13,458,21,283,55,1219,76,124,107,6,229,1373,266,0,393,1324,518,94,543,236,654,1108,689,411,735,854,760,620,773
frame_0396.jpg,672,0,928,11,457,23,281,59,1211,71,119,113,1,242,1368,256,0,409,1330,508,101,561,250,669,1125,683,429,749,876,761,642,781
frame_0397.jpg,673,0,929,8,462,24,284,63,1212,65,124,116,4,245,1369,248,0,412,1330,499,99,563,245,672,1125,678,425,750,873,759,639,781
frame_0398.jpg,668,0,927,7,457,26,282,66,1216,64,123,121,4,249,1376,250,0,415,1336,511,92,567,236,677,1122,693,413,758,864,773,626,792
frame_0430.jpg,1065,0,777,19,540,73,362,148,1267,158,227,227,101,313,0,454,1277,474,0,621,1075,745,78,766,202,867,812,886,363,933,568,945
frame_0431.jpg,1044,0,760,13,527,62,356,133,1239,165,225,204,105,287,6,421,1234,483,0,582,67,724,1022,745,181,826,758,872,328,897,522,918
frame_0432.jpg,993,0,719,12,496,58,332,125,1184,169,211,191,99,271,6,398,1176,486,0,553,61,691,966,741,164,792,708,857,300,866,481,893
frame_0435.jpg,921,0,673,3,467,43,315,103,202,164,1092,161,96,238,6,360,1084,457,0,509,57,643,896,694,154,741,660,804,282,812,451,838
frame_0436.jpg,904,0,657,6,454,47,306,108,196,169,1074,162,93,244,6,367,1066,462,0,515,56,648,878,702,152,746,647,811,276,817,440,844
frame_0437.jpg,897,0,653,6,451,48,301,109,1063,163,89,247,5,370,1054,464,0,518,57,651,869,703,153,748,642,811,276,818,440,844,-1,-1
frame_0438.jpg,890,0,644,7,445,50,297,111,190,172,1057,163,88,248,6,370,1045,463,0,516,56,646,856,701,149,743,269,813,628,807,429,839
frame_0439.jpg,877,0,634,7,436,51,292,113,1045,161,87,251,5,373,1036,464,0,519,56,650,853,703,148,746,267,816,625,810,427,843,-1,-1
frame_0441.jpg,870,0,627,10,431,56,285,119,1038,161,181,182,85,259,5,380,1030,466,0,526,56,656,847,709,148,753,265,822,621,817,422,849
frame_0442.jpg,885,0,638,8,438,51,293,113,1054,167,88,249,7,370,1040,475,0,516,52,647,848,716,142,745,259,817,617,820,417,848,-1,-1
frame_0443.jpg,902,0,651,9,445,53,298,116,190,177,1076,170,92,252,9,373,1058,485,0,519,52,650,855,729,141,750,257,825,619,831,417,857
frame_0444.jpg,916,0,655,5,449,49,191,173,1092,174,91,248,8,370,1072,495,0,517,52,651,143,751,867,739,259,827,626,839,421,863,-1,-1
frame_0448.jpg,902,0,651,3,449,42,303,101,197,159,1073,169,95,231,9,349,1055,475,0,493,51,626,138,725,856,712,255,800,618,812,415,835
frame_0449.jpg,880,0,637,5,441,45,296,105,189,165,1047,163,90,237,7,355,1033,461,0,499,52,629,844,697,143,726,259,797,618,798,418,827
frame_0450.jpg,868,0,634,3,438,41,295,98,191,156,1029,161,92,228,10,346,1015,455,0,490,53,619,832,685,141,716,258,786,610,787,414,815
frame_0451.jpg,631,1,864,0,438,38,297,94,193,151,1020,160,95,222,10,338,1003,447,0,479,51,608,821,674,139,703,253,773,600,774,409,801
frame_0452.jpg,847,0,619,1,430,37,291,93,188,149,1001,155,90,220,7,335,990,438,0,476,50,604,815,664,137,698,253,767,599,764,407,794
frame_0453.jpg,835,0,614,3,429,40,290,96,187,152,987,152,90,225,7,341,981,432,0,483,52,611,814,659,142,705,602,764,257,772,411,797
frame_0556.jpg,465,0,337,5,606,15,217,18,104,43,750,53,15,116,823,147,0,220,801,273,62,316,693,371,160,382,555,420,280,425,414,438
frame_0557.jpg,461,0,333,4,602,15,214,18,102,43,746,54,14,115,820,147,0,219,801,275,62,315,694,372,160,382,555,421,280,426,415,439
frame_0558.jpg,470,0,342,1,220,12,611,19,107,33,752,61,15,105,823,157,0,210,801,283,61,309,160,378,693,378,280,424,555,425,415,440
frame_0559.jpg,353,0,482,3,231,7,114,26,622,26,761,73,19,95,829,169,0,200,803,293,59,301,158,373,694,385,278,422,554,429,414,441
frame_0561.jpg,359,0,489,3,235,7,117,25,629,26,769,71,19,95,837,167,0,202,813,291,61,304,162,377,705,385,286,425,566,429,424,443
frame_0562.jpg,356,0,487,0,234,9,628,21,116,30,769,65,19,102,840,160,0,209,818,287,62,310,162,381,709,382,287,429,569,430,425,445
frame_0563.jpg,482,0,351,2,227,15,626,17,109,39,770,58,14,114,843,154,0,223,823,283,64,324,716,383,167,394,575,434,292,439,432,453
frame_0564.jpg,479,0,346,5,624,14,223,20,106,47,771,54,13,123,848,151,0,232,829,282,66,332,719,384,168,400,577,436,294,444,433,457
frame_0565.jpg,477,0,344,7,626,14,221,24,104,51,776,52,12,129,854,150,0,239,834,283,67,338,723,387,169,406,580,440,294,449,434,461
frame_0572.jpg,353,0,482,1,230,7,623,22,112,28,762,66,17,100,832,161,0,207,810,285,63,308,164,379,704,379,566,425,288,425,425,441
frame_0573.jpg,346,0,474,0,224,9,612,21,110,29,751,64,16,100,820,158,0,205,798,281,61,303,160,373,692,374,281,418,555,419,416,434
frame_0574.jpg,458,0,330,4,210,17,597,16,97,42,738,54,10,117,812,147,0,222,796,271,66,319,694,368,168,385,561,418,290,427,424,438
frame_0576.jpg,461,0,334,3,215,15,597,16,101,38,733,54,11,111,804,143,0,215,790,261,67,310,692,354,170,374,562,403,293,414,427,425
frame_0577.jpg,463,0,337,2,218,14,597,16,104,36,732,55,12,109,801,143,0,213,784,261,65,308,688,354,167,374,558,403,289,414,423,424
frame_0579.jpg,454,0,331,1,214,12,587,17,103,33,720,56,14,103,787,144,0,204,768,261,62,298,669,352,159,363,540,399,277,404,407,416
frame_0580.jpg,439,0,317,3,203,15,571,16,96,37,707,53,11,105,777,141,0,204,760,259,61,295,662,349,157,358,533,395,272,399,401,411
frame_0581.jpg,436,0,317,2,203,12,567,15,97,34,701,52,12,102,770,138,0,199,752,254,59,290,654,343,153,352,526,389,267,393,395,406
frame_0582.jpg,430,0,311,3,559,13,199,16,93,39,691,49,10,108,761,135,0,205,746,250,61,295,652,341,155,357,526,388,270,396,397,407
frame_0589.jpg,428,0,314,3,205,13,553,14,99,35,677,49,14,102,741,130,0,198,727,241,58,287,636,329,150,348,514,376,263,386,389,395
frame_0590.jpg,425,0,311,1,202,12,549,15,98,33,674,50,14,98,739,132,0,193,725,242,56,282,633,330,148,343,511,375,260,383,384,394
frame_0591.jpg,423,0,309,2,200,13,546,14,97,35,672,48,15,101,738,130,0,196,724,242,57,285,633,331,148,346,511,378,260,386,383,396
frame_0592.jpg,414,0,299,4,538,12,192,16,90,39,665,44,10,106,733,125,0,200,722,236,59,287,632,325,152,346,511,372,263,383,386,391
frame_0596.jpg,315,0,430,0,206,8,552,18,100,26,674,56,15,90,735,138,0,186,718,246,57,275,627,330,148,337,506,373,259,377,382,389
frame_0599.jpg,319,0,435,2,208,6,102,22,561,22,686,63,16,86,748,148,0,182,729,258,57,272,148,337,634,341,260,379,510,381,383,395
frame_0600.jpg,322,0,439,2,210,8,565,20,104,26,692,60,17,90,755,145,0,186,736,257,56,277,148,341,640,342,260,384,514,384,385,398
frame_0601.jpg,437,0,318,1,206,10,566,17,100,30,696,56,14,96,762,142,0,195,746,257,59,287,650,345,153,351,524,390,268,393,395,406
frame_0602.jpg,443,0,322,2,208,13,572,17,99,33,703,55,12,102,770,141,0,202,754,256,61,294,658,345,157,357,532,391,274,398,402,409
frame_0606.jpg,444,0,318,3,202,15,582,15,92,38,723,54,9,109,796,145,0,210,777,267,63,302,675,358,161,365,543,404,278,407,408,420
frame_0607.jpg,448,0,323,4,206,16,586,14,95,40,726,52,9,112,799,143,0,213,781,262,65,304,679,355,163,368,546,402,281,408,412,420
frame_0610.jpg,445,0,586,10,316,9,196,25,731,45,86,53,3,131,808,135,0,234,794,259,68,325,693,356,171,386,561,408,292,423,426,431
frame_0612.jpg,438,0,583,7,308,10,188,29,733,41,78,58,816,132,0,137,0,239,804,258,72,329,703,357,176,389,569,409,298,426,432,433
frame_0637.jpg,490,0,345,2,214,12,646,21,92,37,803,73,3,121,874,184,0,232,838,321,72,334,176,404,718,415,298,452,574,458,433,471
frame_0638.jpg,474,0,333,3,204,15,629,16,83,42,786,63,0,125,863,166,4,236,837,297,83,333,727,390,192,397,589,436,316,440,451,453
frame_0639.jpg,483,0,342,3,212,14,637,18,90,40,790,66,2,123,861,172,0,234,828,304,74,333,713,397,179,399,574,442,301,444,435,457
frame_0640.jpg,472,0,331,7,628,14,203,21,84,50,786,58,0,136,860,162,1,245,831,295,76,340,715,391,181,404,575,439,302,445,436,457
frame_0641.jpg,468,0,327,7,624,14,200,21,82,50,783,56,0,134,861,160,3,240,833,291,79,334,718,387,183,397,578,433,305,438,439,451
frame_0642.jpg,452,0,605,4,315,13,189,34,763,38,75,66,848,131,0,151,11,255,834,258,93,343,731,357,203,398,597,410,328,431,462,435
frame_0644.jpg,459,0,608,9,323,10,199,26,759,45,81,59,839,138,0,143,5,250,824,263,85,341,724,359,196,399,592,413,322,434,457,439
frame_0645.jpg,460,0,609,8,325,9,199,26,760,44,82,57,839,137,0,141,5,248,824,263,84,340,724,359,195,398,592,412,321,433,456,438
frame_0646.jpg,462,0,326,8,610,11,200,24,761,48,83,53,0,138,839,142,4,244,824,267,83,337,723,362,194,396,591,415,320,432,455,439
frame_0647.jpg,464,0,329,6,613,12,203,20,85,48,763,52,0,132,840,146,2,240,823,272,81,334,721,366,191,394,589,418,317,433,452,440
frame_0648.jpg,465,0,329,6,614,12,203,19,84,47,764,53,0,131,840,148,3,239,823,273,82,333,722,367,193,394,590,418,319,433,454,441
frame_0651.jpg,464,0,329,7,613,11,202,22,84,51,763,50,0,135,840,143,3,243,824,268,83,336,723,363,193,395,591,414,320,432,455,439
frame_0652.jpg,463,0,328,7,611,12,202,21,84,50,762,51,0,132,839,145,1,240,821,269,80,333,719,364,189,393,586,415,315,430,450,438
frame_0656.jpg,466,0,329,7,617,13,202,21,84,49,769,53,0,132,848,150,1,241,829,278,78,336,725,374,188,398,589,425,314,438,451,446
frame_0657.jpg,469,0,331,6,620,13,203,20,84,49,775,53,0,132,854,151,1,240,835,279,79,335,727,376,188,398,591,426,315,438,451,447
frame_0658.jpg,468,0,330,7,621,11,202,22,84,51,778,51,0,135,859,150,3,244,840,279,80,338,732,376,189,401,594,427,316,441,453,450
frame_0659.jpg,469,0,331,8,624,12,203,23,84,52,782,51,0,137,864,150,2,246,845,281,81,341,736,379,190,403,597,430,318,443,456,453
frame_0660.jpg,470,0,330,9,626,11,202,24,785,50,83,55,0,140,868,150,2,249,849,282,81,343,739,381,191,406,598,433,318,446,457,455
frame_0661.jpg,473,0,332,9,630,11,202,24,790,51,84,54,0,140,873,152,2,249,853,283,81,344,742,383,191,406,600,435,318,447,457,456
frame_0662.jpg,474,0,333,10,633,11,203,26,796,52,83,58,0,143,879,153,2,253,858,287,81,349,745,387,190,412,602,440,319,452,458,463
frame_0663.jpg,477,0,637,11,334,10,203,27,802,50,84,58,0,145,887,153,4,254,866,288,83,350,752,389,193,413,607,441,322,453,462,464
frame_0665.jpg,479,0,643,10,335,10,203,28,810,49,83,60,0,147,897,153,3,257,875,290,83,352,758,391,192,416,610,445,321,457,463,467
frame_0666.jpg,480,0,644,9,335,11,203,29,813,49,83,61,0,148,901,154,4,257,879,292,83,353,762,394,194,417,613,448,323,459,465,469
frame_0667.jpg,484,0,337,10,648,11,205,28,818,51,84,59,0,146,905,157,3,257,882,295,82,354,763,398,193,418,614,450,323,460,466,472
frame_0668.jpg,486,0,651,9,339,10,205,30,823,50,84,61,0,150,911,157,4,261,887,296,84,358,768,400,195,422,618,453,326,464,469,475
frame_0669.jpg,486,0,651,9,338,11,205,29,823,49,83,63,0,151,912,155,5,263,890,295,86,360,772,399,198,424,622,453,329,465,473,476
frame_0672.jpg,488,0,655,7,340,12,206,32,828,46,85,66,917,151,0,156,5,267,896,292,87,364,778,397,200,427,627,453,333,467,477,477
frame_0673.jpg,486,0,652,7,338,12,205,31,825,46,83,65,916,151,0,154,4,266,895,291,87,362,777,396,199,425,626,452,331,465,477,475
frame_0674.jpg,484,0,649,7,338,12,204,31,821,45,83,65,911,149,0,154,5,265,891,289,87,361,774,394,199,425,625,450,331,465,476,474
frame_0676.jpg,482,0,646,8,336,12,204,32,817,46,83,65,907,148,0,153,4,264,888,287,86,359,772,391,200,422,624,448,331,462,476,471
frame_0677.jpg,485,0,648,10,339,10,206,27,816,51,84,60,0,149,904,155,4,262,883,294,85,360,768,397,199,424,622,451,331,465,474,474
frame_0678.jpg,487,0,341,9,648,11,209,25,814,52,86,57,0,144,900,155,3,256,879,291,85,353,764,393,198,417,619,446,329,458,473,468
frame_0679.jpg,486,0,342,10,645,11,210,27,808,50,87,58,0,145,892,152,3,258,874,285,83,355,762,387,197,418,618,442,329,458,473,466
frame_0681.jpg,483,0,340,8,642,11,209,25,804,51,87,55,0,142,889,154,0,255,870,290,80,354,759,392,193,419,615,446,325,460,468,470
frame_0682.jpg,488,0,344,9,647,11,211,26,809,50,87,59,0,147,894,152,5,260,877,286,88,359,768,388,204,422,626,444,337,462,481,469
frame_0683.jpg,487,0,646,8,342,12,210,31,809,45,87,64,895,144,0,152,5,264,878,277,89,359,770,379,205,421,628,437,338,458,482,464
frame_0684.jpg,489,0,646,7,346,11,213,32,807,43,89,65,893,140,0,154,3,268,880,274,86,366,774,379,204,427,633,439,340,464,486,468
frame_0686.jpg,500,0,353,9,662,13,216,27,826,54,90,59,0,150,912,158,2,268,894,298,86,370,782,403,205,436,636,460,340,478,488,486
frame_0688.jpg,647,0,484,3,339,24,817,26,205,54,83,96,914,122,0,191,908,262,9,306,802,378,98,401,658,447,220,457,509,485,359,488
frame_0689.jpg,649,0,486,2,340,23,820,27,207,53,85,95,917,124,0,190,911,267,7,306,804,385,95,403,658,454,217,461,506,492,356,494
frame_0691.jpg,496,0,662,3,348,16,835,37,213,41,88,79,931,136,0,171,921,279,5,289,91,388,810,394,212,451,659,460,353,489,505,491
frame_0692.jpg,503,0,671,7,352,14,215,38,846,43,90,75,942,149,0,169,5,289,930,297,90,392,814,412,211,458,661,476,351,500,505,506
frame_0693.jpg,512,0,682,10,360,12,221,34,858,50,93,68,953,159,0,162,2,283,938,308,87,390,819,422,209,459,663,484,351,503,505,511
frame_0695.jpg,520,0,697,5,363,16,221,42,883,43,91,81,984,155,0,178,5,301,967,311,94,407,844,431,218,475,682,496,361,518,520,526
frame_0696.jpg,523,0,704,5,364,18,221,45,896,40,91,85,1001,156,0,185,6,309,986,316,96,416,859,440,221,486,694,507,366,529,528,537
frame_0697.jpg,532,0,716,4,371,19,909,40,225,48,93,90,1016,154,0,192,6,318,1001,317,97,426,873,443,225,495,705,513,374,538,537,545
frame_0698.jpg,541,0,729,2,376,20,927,38,228,50,93,94,1036,156,0,198,1020,321,6,328,101,438,889,452,231,508,719,523,382,551,548,558
frame_0699.jpg,551,0,745,4,383,21,949,41,232,51,96,96,1059,163,0,202,6,333,1039,333,100,444,902,464,232,516,727,536,384,561,552,568
frame_0701.jpg,559,0,758,4,388,21,969,42,234,51,97,95,1084,168,0,202,4,334,1063,344,98,448,921,478,230,523,738,549,385,570,558,580
frame_0702.jpg,562,0,764,2,388,21,981,43,235,52,97,98,1099,173,0,204,5,337,1077,353,96,453,929,490,228,530,742,561,383,579,558,591
frame_0703.jpg,565,0,770,2,389,24,991,41,235,56,97,102,1114,171,0,211,8,345,1095,354,103,461,947,494,236,538,757,568,394,588,572,599
frame_0704.jpg,576,0,783,4,398,20,241,50,1006,46,100,95,1130,176,0,202,4,338,1110,358,100,455,959,498,236,534,767,569,395,586,576,600
frame_0705.jpg,584,0,793,2,403,21,1019,42,244,54,100,100,1147,175,0,211,6,351,1132,362,105,471,984,507,245,552,789,583,411,605,596,616
frame_0707.jpg,838,0,618,1,427,29,1071,38,258,67,106,120,1203,173,0,242,1190,368,10,391,119,517,1039,524,271,597,841,610,446,647,641,652
frame_0708.jpg,637,0,861,2,439,24,1099,44,265,61,108,112,1233,183,0,235,1217,378,12,388,126,516,1063,533,281,598,861,616,461,649,659,655
frame_0709.jpg,658,0,885,5,458,21,279,55,1124,51,115,106,1256,192,0,231,10,387,1237,389,126,519,1080,542,284,605,877,626,469,658,670,666
frame_0710.jpg,672,0,903,10,467,20,283,53,1145,59,117,101,1278,206,0,228,9,388,1258,406,124,527,1099,559,286,616,891,643,475,672,681,682
frame_0711.jpg,688,0,925,12,479,19,292,49,1172,67,122,99,1307,219,0,226,8,388,1282,425,123,530,1116,580,286,623,902,661,475,684,685,698
frame_0712.jpg,693,0,938,13,482,17,294,47,1198,72,124,96,0,221,1333,233,1,383,1298,447,110,527,1113,605,267,625,886,682,454,691,664,711
frame_0713.jpg,697,0,949,11,482,20,291,52,1219,71,122,101,0,228,1361,238,2,392,1323,459,113,537,1133,621,270,636,899,700,458,704,673,727
frame_0714.jpg,706,0,963,8,485,21,292,56,1239,64,120,109,1388,231,0,237,6,403,1354,456,122,548,1164,620,285,645,927,702,478,714,697,733
frame_0715.jpg,968,1,705,0,481,30,1254,49,288,72,116,129,1415,215,0,264,12,431,1389,447,132,575,1197,622,300,670,955,713,497,735,719,751
frame_0716.jpg,989,1,721,0,493,32,1279,48,294,76,118,137,1440,217,0,279,17,451,1416,452,142,598,1226,632,316,693,985,726,520,755,746,768
frame_0717.jpg,751,0,1024,2,515,30,1315,54,308,75,124,136,1473,225,0,282,18,461,1444,460,152,609,1252,639,333,706,1010,735,540,767,771,777
frame_0720.jpg,801,0,1093,5,549,31,1405,63,330,75,133,140,1571,245,0,293,17,481,1535,496,156,641,1326,683,345,744,1066,782,565,812,811,826
frame_0805.jpg,180,0,265,22,30,31,335,49,0,123,450,136,30,221,440,279,89,291,379,330,164,337,311,353,240,357,-1,-1,-1,-1,-1,-1
frame_0806.jpg,186,0,273,22,32,34,344,48,0,127,464,138,482,208,32,226,453,285,92,297,390,338,169,344,320,361,247,364,-1,-1,-1,-1
frame_0807.jpg,176,0,264,21,27,35,336,47,398,82,0,129,460,136,35,229,459,284,99,299,399,338,179,347,330,362,256,367,-1,-1,-1,-1
frame_0810.jpg,168,0,248,18,28,36,314,42,423,123,0,127,33,222,418,260,91,287,363,312,164,330,301,338,236,345,-1,-1,-1,-1,-1,-1
frame_0811.jpg,164,0,245,18,312,40,26,40,423,118,0,131,34,225,93,290,366,310,166,331,304,337,239,346,-1,-1,-1,-1,-1,-1,-1,-1
frame_0812.jpg,164,0,246,18,313,39,26,40,370,71,426,118,0,131,35,225,425,258,94,290,370,312,168,332,307,339,241,347,-1,-1,-1,-1
frame_0813.jpg,161,0,244,16,309,37,24,43,0,134,36,228,97,292,372,307,170,332,310,336,244,345,-1,-1,-1,-1,-1,-1,-1,-1,-1,-1
frame_0815.jpg,164,0,247,15,313,34,25,45,0,137,35,230,429,247,97,293,375,303,172,331,246,343,-1,-1,-1,-1,-1,-1,-1,-1,-1,-1
frame_0816.jpg,165,0,248,13,316,33,25,47,0,139,37,231,97,292,378,300,173,330,247,341,-1,-1,-1,-1,-1,-1,-1,-1,-1,-1,-1,-1
frame_0818.jpg,171,0,256,14,325,32,26,50,442,106,0,143,35,235,438,247,95,296,381,303,315,333,171,334,246,345,-1,-1,-1,-1,-1,-1
frame_0819.jpg,172,0,257,12,328,30,388,55,27,54,447,103,0,148,466,166,36,240,384,301,96,300,173,337,248,346,-1,-1,-1,-1,-1,-1
frame_0820.jpg,170,0,256,10,328,25,24,59,451,94,0,155,450,236,38,246,393,296,101,304,179,339,255,346,-1,-1,-1,-1,-1,-1,-1,-1
frame_0822.jpg,167,0,256,6,330,16,21,69,457,79,479,144,0,166,459,224,41,255,401,287,106,310,335,324,186,341,264,343,-1,-1,-1,-1
frame_0823.jpg,169,0,259,5,332,17,22,71,460,78,0,167,461,223,42,256,403,286,107,310,335,322,186,339,264,342,-1,-1,-1,-1,-1,-1
frame_0824.jpg,170,0,261,4,334,14,461,73,21,72,484,136,0,169,461,217,41,256,403,280,106,308,334,318,186,337,264,338,-1,-1,-1,-1
frame_0825.jpg,165,0,255,2,330,9,460,64,17,77,0,174,43,260,408,273,111,311,341,314,270,337,190,337,-1,-1,-1,-1,-1,-1,-1,-1
frame_0826.jpg,164,0,255,2,329,10,19,77,482,129,0,173,44,259,407,272,111,310,341,312,270,335,191,336,-1,-1,-1,-1,-1,-1,-1,-1
frame_0827.jpg,163,0,252,1,327,8,456,62,18,76,0,173,45,258,405,268,339,308,113,308,270,331,192,333,-1,-1,-1,-1,-1,-1,-1,-1
frame_0828.jpg,164,0,252,1,326,8,455,61,18,78,0,174,44,259,405,267,340,308,112,309,270,331,193,333,-1,-1,-1,-1,-1,-1,-1,-1
frame_0829.jpg,165,0,254,1,329,9,458,64,19,76,0,173,44,258,407,270,111,308,340,309,271,333,192,333,-1,-1,-1,-1,-1,-1,-1,-1
frame_0830.jpg,166,0,255,3,328,10,459,65,20,76,0,173,45,259,408,271,113,310,342,312,272,335,194,336,-1,-1,-1,-1,-1,-1,-1,-1
frame_0831.jpg,165,0,254,2,328,10,457,65,18,76,481,128,0,173,42,259,406,272,110,310,340,312,270,335,191,336,-1,-1,-1,-1,-1,-1
frame_0832.jpg,166,0,256,2,329,10,458,65,20,76,0,172,45,258,408,270,341,310,112,308,272,333,193,334,-1,-1,-1,-1,-1,-1,-1,-1
frame_0833.jpg,166,0,255,2,329,10,457,66,20,75,0,171,463,206,43,257,406,271,110,308,338,310,268,333,190,334,-1,-1,-1,-1,-1,-1
frame_0834.jpg,168,0,256,5,329,15,21,71,456,73,0,168,42,254,402,275,109,307,336,313,266,335,189,334,-1,-1,-1,-1,-1,-1,-1,-1
frame_0837.jpg,171,0,260,10,332,25,22,63,460,94,0,162,42,258,411,307,108,320,343,343,192,355,272,361,-1,-1,-1,-1,-1,-1,-1,-1
frame_0840.jpg,185,0,97,0,357,31,26,60,488,108,0,166,511,182,42,267,428,329,113,333,356,365,197,372,281,381,-1,-1,-1,-1,-1,-1
frame_0841.jpg,187,0,283,13,362,31,26,59,497,109,0,166,502,266,45,269,441,332,118,337,369,369,206,376,293,385,-1,-1,-1,-1,-1,-1
frame_0842.jpg,181,0,278,10,356,25,426,55,21,67,495,101,524,173,0,177,507,261,49,281,450,331,127,348,380,371,218,386,304,391,-1,-1
frame_0843.jpg,186,0,362,27,23,65,0,177,504,259,52,281,450,325,129,347,381,366,219,382,305,387,-1,-1,-1,-1,-1,-1,-1,-1,-1,-1
frame_0844.jpg,195,0,293,13,372,31,439,62,27,65,506,109,0,178,511,268,47,287,451,337,124,355,380,378,215,393,304,399,-1,-1,-1,-1
frame_0845.jpg,193,0,98,4,295,9,377,25,23,74,518,100,0,192,53,302,472,339,135,370,400,385,231,406,321,409,-1,-1,-1,-1,-1,-1
frame_0846.jpg,186,0,290,2,373,12,445,35,518,77,17,88,0,208,536,242,59,315,480,320,411,371,144,376,333,401,241,405,-1,-1,-1,-1
frame_0847.jpg,193,0,297,2,379,12,94,12,451,34,521,75,19,90,548,145,0,210,532,234,477,310,59,313,407,360,143,371,330,391,240,397
frame_0848.jpg,201,0,305,3,389,14,100,12,528,78,22,93,0,215,534,239,475,314,56,319,403,363,142,377,327,395,236,402,-1,-1,-1,-1
frame_0849.jpg,203,0,308,2,391,10,101,15,463,31,531,71,22,96,0,218,536,229,477,304,58,320,405,354,141,374,328,388,237,397,-1,-1
frame_0850.jpg,300,0,195,2,384,6,94,20,455,25,18,105,537,224,0,229,482,303,63,332,412,356,149,384,337,392,246,404,-1,-1,-1,-1
frame_0851.jpg,304,0,200,1,388,7,98,18,459,26,527,65,21,103,535,225,0,227,478,302,60,329,407,355,147,382,331,391,242,402,-1,-1
frame_0852.jpg,303,0,198,1,387,5,96,18,459,26,529,64,20,103,535,224,0,226,478,302,60,327,407,354,145,380,330,389,241,400,-1,-1
frame_0853.jpg,305,0,199,0,390,7,98,17,461,27,531,67,21,102,557,138,537,229,0,225,478,306,60,327,407,358,143,381,328,392,239,403
frame_0855.jpg,301,0,194,2,386,5,94,20,458,25,529,63,18,106,556,134,538,227,0,230,481,306,60,332,410,359,146,385,333,395,243,406
frame_0856.jpg,301,0,194,3,386,5,459,25,92,22,530,64,17,108,558,135,539,228,0,233,481,307,60,336,410,361,146,388,333,397,244,409
frame_0857.jpg,301,0,195,3,389,5,462,25,92,22,534,64,18,110,561,137,542,230,0,235,483,310,60,337,411,364,146,391,334,400,243,412
frame_0860.jpg,300,0,386,4,192,5,461,23,88,26,533,62,15,114,561,134,543,227,0,241,486,308,63,342,415,363,152,394,339,400,249,413
frame_0861.jpg,302,0,388,4,193,4,464,24,90,25,537,63,16,114,547,230,0,242,491,311,66,344,419,366,153,397,341,403,251,416,-1,-1
frame_0862.jpg,301,0,388,4,192,4,463,24,88,25,537,63,14,114,550,231,0,241,492,312,64,343,420,367,153,397,343,404,250,416,-1,-1
frame_0863.jpg,297,0,386,4,189,4,462,20,536,62,13,113,0,240,494,309,66,342,423,365,156,395,346,401,254,414,-1,-1,-1,-1,-1,-1
frame_0865.jpg,300,0,192,2,387,6,90,20,462,26,534,66,15,108,564,140,547,234,0,236,490,315,64,340,420,369,152,395,343,405,252,416
frame_0866.jpg,303,0,194,3,390,5,89,22,539,66,16,109,552,235,0,237,493,316,65,341,421,370,153,396,344,406,253,417,-1,-1,-1,-1
frame_0868.jpg,305,0,197,2,395,7,93,20,469,25,544,68,17,106,555,237,0,232,496,317,64,337,422,371,152,393,343,406,251,416,-1,-1
frame_0869.jpg,303,0,192,2,390,6,464,27,538,66,15,106,568,140,552,235,0,233,494,315,62,337,422,370,151,393,344,405,251,416,-1,-1
frame_0871.jpg,303,0,195,1,389,7,93,18,536,68,17,104,0,231,548,236,490,316,63,337,419,370,150,392,341,406,248,415,-1,-1,-1,-1
frame_0873.jpg,197,0,304,1,390,9,535,74,18,99,0,226,545,241,488,320,61,333,416,373,148,390,339,407,247,415,-1,-1,-1,-1,-1,-1
frame_0874.jpg,197,0,304,4,92,12,390,15,460,40,530,83,16,96,0,226,540,248,485,325,65,335,417,376,154,393,340,409,251,417,-1,-1
frame_0875.jpg,197,0,305,1,393,11,89,16,465,34,536,75,12,105,564,148,550,239,0,237,497,317,72,345,431,370,167,399,356,406,267,419
frame_0876.jpg,216,0,106,4,327,11,413,30,20,85,554,108,576,183,0,219,558,273,66,334,498,345,429,393,159,398,350,422,260,427,-1,-1
frame_0883.jpg,149,0,251,14,353,43,53,58,432,74,496,115,555,173,0,173,29,291,522,335,97,369,445,395,186,421,363,426,277,437,-1,-1
frame_0884.jpg,151,0,252,14,353,44,53,58,434,75,500,117,0,172,557,177,28,290,525,338,98,371,448,399,186,422,363,429,277,440,-1,-1
frame_0885.jpg,253,0,354,31,54,42,434,62,499,105,0,156,558,165,28,275,524,327,94,355,446,387,184,408,361,417,276,427,-1,-1,-1,-1
frame_0886.jpg,151,0,253,16,354,47,54,57,435,79,0,172,558,182,27,292,524,345,96,374,447,406,185,427,363,436,277,446,-1,-1,-1,-1
frame_0887.jpg,152,0,253,15,355,46,55,58,435,78,499,120,0,171,557,180,27,290,522,342,95,371,444,401,183,423,360,432,275,442,-1,-1
frame_0888.jpg,151,0,253,13,355,43,54,59,435,74,500,115,558,175,0,174,28,293,523,339,96,373,446,400,184,425,361,431,275,443,-1,-1
frame_0889.jpg,132,0,235,3,340,22,423,45,42,69,555,134,0,188,534,301,39,303,462,369,113,376,380,407,205,418,297,427,-1,-1,-1,-1
frame_0891.jpg,217,0,324,8,113,9,408,22,480,48,30,88,547,94,0,211,541,262,50,319,475,336,398,383,130,382,318,412,225,413,-1,-1
frame_0892.jpg,211,0,321,4,408,13,106,14,482,37,553,80,26,97,0,220,552,249,486,326,55,326,409,376,138,385,328,407,235,412,-1,-1
frame_0894.jpg,297,0,190,4,386,5,457,24,87,25,531,63,13,116,546,231,0,244,488,312,66,347,155,399,343,405,254,418,-1,-1,-1,-1
frame_0895.jpg,301,0,389,2,193,5,89,29,534,56,13,124,0,254,485,307,65,355,415,364,339,404,153,405,251,420,-1,-1,-1,-1,-1,-1
frame_0896.jpg,314,0,403,3,203,4,96,27,549,62,18,122,553,234,0,254,490,318,62,358,417,375,148,411,338,414,248,428,-1,-1,-1,-1
frame_0897.jpg,309,0,398,4,198,4,472,23,93,26,545,63,16,119,0,249,491,314,63,351,419,370,152,403,339,407,250,421,-1,-1,-1,-1
frame_0898.jpg,303,0,392,2,194,6,466,18,87,32,537,55,13,127,548,222,0,258,492,305,68,358,422,363,345,404,158,406,256,421,-1,-1
frame_0900.jpg,310,0,400,3,201,6,95,29,545,60,17,124,551,226,0,255,492,308,66,356,421,365,344,404,155,405,254,421,-1,-1,-1,-1
frame_0902.jpg,310,0,397,1,200,6,93,31,543,56,570,129,16,126,552,224,0,257,493,306,66,358,421,364,344,404,155,406,254,421,-1,-1
frame_0903.jpg,310,0,397,2,200,5,93,30,544,57,570,129,16,125,551,224,0,256,493,306,65,357,422,364,344,404,155,406,253,421,-1,-1
frame_0904.jpg,312,0,400,2,201,6,475,16,95,30,548,56,16,126,554,224,0,257,495,306,65,358,423,364,344,405,154,407,254,422,-1,-1
frame_0905.jpg,311,0,399,2,200,6,474,15,93,32,547,55,574,127,16,127,554,222,0,257,496,304,66,358,423,362,346,403,155,406,254,421
frame_0906.jpg,312,0,402,2,201,6,472,21,95,31,548,55,575,128,16,126,555,223,0,257,496,306,64,358,423,365,345,406,154,407,253,422
frame_0908.jpg,315,0,407,2,203,7,482,15,96,33,557,56,17,130,562,227,0,261,501,311,64,362,425,369,346,411,154,411,254,427,-1,-1
frame_0909.jpg,405,0,315,0,202,7,483,17,95,33,556,55,16,129,564,226,0,261,502,311,64,362,427,370,347,411,154,411,255,427,-1,-1
frame_0914.jpg,391,0,303,2,465,14,192,11,86,41,539,49,12,140,552,218,0,272,495,303,425,365,67,372,349,409,159,418,259,430,-1,-1
frame_0915.jpg,389,0,300,1,463,13,190,12,86,41,537,48,11,141,553,216,0,274,497,302,427,364,70,373,351,408,161,418,260,429,-1,-1
frame_0917.jpg,387,0,299,3,462,13,188,15,537,46,82,45,10,145,552,215,0,277,499,302,428,364,70,376,353,410,160,422,262,431,-1,-1
frame_0918.jpg,388,0,300,2,462,12,190,13,85,43,537,47,11,143,551,215,0,275,497,301,427,364,69,375,351,408,161,420,260,430,-1,-1
frame_0919.jpg,388,0,300,3,465,13,190,15,539,47,85,46,12,147,555,216,0,279,500,303,429,366,69,378,353,412,162,424,262,434,-1,-1
frame_0920.jpg,388,0,299,3,465,14,188,15,539,47,84,45,11,145,555,217,0,278,500,304,431,366,71,377,353,412,161,422,262,433,-1,-1
frame_0922.jpg,381,0,291,6,456,9,182,21,531,42,78,55,8,157,554,211,0,289,501,300,434,365,75,387,359,413,166,430,268,437,-1,-1
frame_0924.jpg,386,0,297,3,460,13,186,15,535,46,9,148,553,215,0,280,499,302,69,379,354,412,161,424,262,434,-1,-1,-1,-1,-1,-1
frame_0926.jpg,388,0,299,2,462,12,188,14,536,46,84,44,12,144,553,215,0,277,499,302,430,365,69,376,354,411,161,421,263,432,-1,-1
frame_0927.jpg,386,0,296,4,460,13,186,18,536,45,82,49,10,150,556,214,0,283,502,303,433,366,72,381,357,413,164,426,266,435,-1,-1
frame_0928.jpg,383,0,295,4,184,17,535,44,80,50,9,151,555,213,0,284,502,302,432,366,70,382,356,413,163,427,265,436,-1,-1,-1,-1
frame_0929.jpg,385,0,297,4,461,12,186,16,536,45,80,48,9,149,556,214,0,282,502,302,433,366,71,381,356,412,163,425,264,435,-1,-1
frame_0931.jpg,383,0,293,5,458,10,182,20,535,42,77,54,7,155,559,213,0,288,505,302,437,368,72,387,360,415,165,431,268,439,-1,-1
frame_0932.jpg,378,0,289,6,454,11,179,22,530,42,75,56,7,158,0,290,501,300,434,365,73,387,359,414,166,431,268,438,-1,-1,-1,-1
frame_0933.jpg,381,0,294,5,456,12,183,18,530,44,79,50,8,151,0,283,499,299,431,362,72,381,357,410,165,425,265,433,-1,-1,-1,-1
frame_0936.jpg,395,0,307,1,196,9,470,13,90,37,543,51,571,123,15,135,556,220,0,269,500,306,429,367,69,370,352,411,160,418,261,431
frame_0937.jpg,394,0,306,0,194,9,469,15,542,51,13,137,556,221,0,271,499,307,429,369,69,374,353,414,159,421,260,433,-1,-1,-1,-1
frame_0938.jpg,390,0,301,2,466,14,190,13,85,43,540,48,12,143,557,217,0,277,503,305,433,367,70,378,357,413,163,424,265,435,-1,-1
frame_0939.jpg,391,0,302,3,467,15,192,14,85,44,542,49,11,144,559,219,0,279,505,307,71,381,359,417,164,427,266,438,-1,-1,-1,-1
frame_0942.jpg,391,0,300,3,467,13,187,17,542,47,80,48,8,151,563,220,0,287,508,310,438,374,73,388,361,420,167,433,270,443,-1,-1
frame_0943.jpg,389,0,299,3,466,13,186,16,542,46,80,48,7,151,563,218,0,288,510,307,441,372,74,388,365,419,169,434,273,443,-1,-1
frame_0944.jpg,387,0,297,5,464,13,184,19,542,46,77,52,576,118,5,156,565,218,0,293,513,308,445,375,75,394,368,423,172,439,276,448
frame_0945.jpg,389,0,298,5,467,11,184,21,545,44,77,55,5,160,571,217,0,299,518,309,449,376,77,399,372,425,174,443,279,451,-1,-1
frame_0948.jpg,389,0,471,8,295,10,178,30,554,39,69,70,1,179,587,217,534,312,0,319,464,384,83,419,386,436,182,460,291,465,-1,-1
frame_0949.jpg,393,0,476,9,297,9,179,29,559,40,69,69,599,117,0,177,592,219,539,314,0,317,469,385,80,417,388,437,183,460,292,465
frame_0950.jpg,403,0,304,7,486,10,186,27,571,41,75,65,610,117,2,173,601,223,0,314,545,320,472,390,81,416,391,442,183,461,292,468
frame_0951.jpg,399,0,485,9,301,9,180,30,571,40,69,69,0,178,608,221,553,318,1,318,482,390,85,419,400,442,189,463,300,470,-1,-1
frame_0952.jpg,394,0,297,8,480,10,178,28,567,41,68,65,609,116,0,172,604,221,0,312,553,318,482,389,85,414,401,440,191,460,302,467
frame_0953.jpg,399,0,303,4,483,13,184,20,568,47,73,53,1,157,602,226,0,297,550,320,478,388,83,401,398,437,188,450,298,460,-1,-1
frame_0954.jpg,398,0,302,3,482,15,183,18,569,50,73,48,612,125,1,148,607,229,0,288,555,322,483,389,85,394,404,437,189,445,302,458
frame_0956.jpg,309,0,406,3,190,9,491,23,78,33,577,62,4,128,620,140,613,244,0,267,559,335,83,379,485,398,188,436,403,440,302,455
frame_0958.jpg,302,0,399,4,184,8,486,24,73,29,574,64,0,119,618,244,0,255,565,334,86,367,493,395,192,426,410,435,307,448,-1,-1
frame_0959.jpg,303,0,400,5,185,9,488,25,74,29,576,65,2,116,622,141,619,243,0,250,569,332,84,361,495,393,193,421,411,431,307,443
frame_0960.jpg,303,0,402,6,185,8,491,28,74,28,581,68,1,114,629,145,626,249,0,248,574,339,85,362,499,399,192,424,414,437,310,448
frame_0962.jpg,305,0,404,6,186,7,74,25,494,28,586,69,0,109,635,144,636,245,1,242,587,334,91,354,514,392,203,416,428,429,322,440
frame_0963.jpg,307,0,188,6,407,7,497,31,590,72,0,104,640,148,0,236,642,250,591,338,89,350,518,396,201,415,430,432,322,441,-1,-1
frame_0964.jpg,313,0,192,5,412,8,78,21,503,32,597,74,1,103,646,151,0,236,647,253,595,342,91,351,520,400,202,417,433,435,325,443
frame_0965.jpg,316,0,193,6,416,8,78,22,508,32,602,73,1,103,653,150,0,237,655,251,603,340,90,351,527,398,206,416,439,433,328,442
frame_0967.jpg,331,0,441,6,205,7,84,25,540,30,642,73,3,108,696,153,0,242,694,260,636,351,92,357,553,410,210,424,456,445,338,452
frame_0968.jpg,335,0,445,7,207,7,85,23,548,32,651,74,3,106,704,154,0,240,702,260,642,352,92,355,557,410,210,422,458,445,340,451
frame_0970.jpg,344,0,215,5,454,8,91,20,555,34,657,77,5,101,710,157,0,234,706,263,646,353,91,351,559,411,210,419,459,444,340,449
frame_0971.jpg,346,0,215,5,457,8,90,21,560,33,663,77,2,104,718,158,0,239,717,264,657,355,94,357,570,414,217,425,468,449,349,455
frame_0972.jpg,350,0,219,5,464,7,92,20,567,32,671,75,2,103,726,155,0,238,725,261,666,352,97,356,579,411,221,424,478,446,355,453
frame_0974.jpg,367,0,230,6,483,9,97,21,590,34,697,78,2,108,752,160,0,247,750,267,689,360,101,368,601,420,231,436,495,457,369,465
frame_0975.jpg,380,0,240,7,502,7,103,24,613,33,723,78,5,112,780,163,0,255,775,275,708,371,99,379,612,434,230,449,503,471,373,479
frame_0976.jpg,392,0,518,7,246,8,106,27,636,34,753,80,7,116,812,168,0,258,806,284,733,383,100,383,631,445,233,455,514,482,379,488
frame_0977.jpg,399,0,529,7,252,8,110,27,650,34,770,81,8,115,832,169,0,258,824,286,100,382,748,386,643,448,235,455,523,484,383,489
frame_0978.jpg,402,0,533,6,253,9,111,29,655,32,778,78,7,118,841,167,0,260,835,285,758,385,101,384,651,449,237,457,529,486,387,491
frame_0979.jpg,407,0,540,5,256,10,663,30,112,31,788,75,8,120,852,165,0,262,844,285,767,386,100,387,657,451,237,460,533,488,389,494
frame_0980.jpg,410,0,546,5,259,9,115,29,672,31,798,77,9,119,862,168,0,262,855,289,101,387,775,392,664,456,238,462,537,493,391,497
frame_0981.jpg,418,0,265,7,553,8,120,25,680,35,808,84,11,115,871,177,0,258,861,298,98,386,780,400,666,463,236,463,537,499,390,501
frame_0982.jpg,421,0,269,6,559,9,122,23,685,38,811,88,13,111,873,181,0,255,863,303,98,384,781,405,234,462,665,467,537,501,389,502
frame_0984.jpg,419,0,556,7,266,8,119,27,685,35,813,82,12,117,877,175,0,261,869,298,101,388,788,401,674,465,240,465,544,501,395,503
frame_0985.jpg,422,0,269,4,557,9,123,20,683,39,811,89,13,108,874,183,0,253,864,304,98,383,781,405,236,462,668,467,538,501,391,502
frame_0986.jpg,276,0,428,1,130,9,562,16,686,50,17,94,810,105,870,199,0,238,857,319,96,371,773,417,231,455,659,475,384,500,531,504
frame_0987.jpg,280,0,431,4,133,7,563,21,685,57,20,87,808,114,866,209,0,231,852,329,92,366,769,425,226,453,654,481,379,501,526,508
frame_0989.jpg,279,1,134,0,426,9,551,30,667,67,18,73,782,123,840,212,0,216,834,323,99,353,764,415,239,442,659,469,394,489,538,496
frame_0990.jpg,281,0,135,4,427,5,551,23,664,59,19,81,777,110,833,198,0,228,831,310,102,367,763,405,244,453,662,463,544,496,401,496
frame_0993.jpg,399,0,253,7,523,10,109,22,639,38,755,83,4,106,825,167,0,255,836,281,779,384,116,389,686,450,266,468,572,492,428,501
frame_0995.jpg,402,0,255,4,527,12,109,16,641,42,760,89,3,98,829,174,0,249,841,290,119,386,787,392,695,458,273,469,580,498,436,505
frame_0996.jpg,404,0,258,3,528,12,111,15,644,41,762,87,5,96,831,171,0,248,843,284,789,386,118,386,695,452,272,467,581,492,435,501
frame_0997.jpg,399,0,252,6,524,9,106,20,640,38,761,82,2,103,831,167,0,254,846,282,794,385,121,392,702,454,277,472,588,496,443,505
frame_0998.jpg,398,0,250,8,524,9,105,23,640,37,761,80,0,107,833,164,1,259,849,279,797,382,125,395,707,451,281,474,593,495,447,506
frame_0999.jpg,399,0,251,7,524,10,105,20,641,38,761,82,0,105,833,165,1,257,848,279,797,382,125,393,708,450,283,473,594,493,449,504
frame_1000.jpg,402,0,253,6,529,10,105,20,645,40,765,85,1,104,837,170,0,259,851,286,800,389,123,398,708,459,282,479,595,501,449,511
frame_1001.jpg,405,0,254,7,534,11,106,21,653,40,778,87,0,106,852,174,0,262,866,293,812,399,124,403,719,468,284,486,602,512,453,521
frame_1002.jpg,414,0,259,5,546,12,108,18,668,44,796,92,1,104,872,183,0,262,888,306,126,409,832,414,736,485,289,496,616,528,464,535
frame_1003.jpg,426,0,267,6,562,11,110,20,688,43,819,94,0,110,896,189,1,278,913,316,857,429,133,430,759,503,303,519,637,548,480,558
frame_1005.jpg,451,0,284,6,590,15,119,18,719,49,854,101,0,109,936,196,2,283,958,325,905,440,147,442,808,517,329,537,684,565,520,576
frame_1008.jpg,469,0,296,2,125,9,612,20,742,60,1,101,878,117,961,216,0,285,984,350,149,459,931,470,834,549,340,563,707,599,537,607
frame_1009.jpg,135,0,308,1,479,8,621,33,747,78,5,87,878,141,957,242,0,274,976,375,147,455,922,492,824,568,336,566,699,612,532,617
frame_1011.jpg,148,0,322,11,491,30,628,64,16,77,748,117,872,186,0,266,944,291,958,423,138,460,902,536,323,583,806,607,516,643,682,646
frame_1012.jpg,144,0,316,10,485,27,620,59,11,82,738,109,860,175,932,277,0,273,947,407,145,464,895,518,332,581,803,591,684,633,524,635
frame_1013.jpg,149,0,320,13,487,32,620,66,14,80,735,117,854,184,0,271,921,286,933,413,142,462,880,523,325,579,788,593,671,633,513,634
frame_1014.jpg,154,0,323,17,487,40,619,76,20,77,730,130,847,199,0,265,911,302,920,430,135,458,863,538,312,579,770,605,496,639,652,642
frame_1015.jpg,151,0,319,17,482,41,612,78,19,75,722,132,838,202,0,264,901,305,908,433,132,457,852,540,307,578,761,606,488,639,644,643
frame_1016.jpg,150,0,317,17,478,42,607,79,20,74,716,134,829,205,0,261,892,307,899,434,131,454,842,540,303,576,750,606,483,636,637,641
frame_1017.jpg,149,0,315,17,476,42,603,80,18,76,712,134,821,205,0,264,881,306,888,431,131,456,833,537,303,576,743,603,479,635,630,638
frame_1018.jpg,152,0,315,21,475,48,22,74,601,89,708,146,819,218,0,260,878,323,880,449,124,454,820,554,290,577,728,617,463,641,615,649
frame_1019.jpg,155,0,318,24,478,55,25,71,601,98,709,157,817,233,0,259,874,338,123,455,874,465,813,568,285,581,720,629,458,648,606,660
frame_1020.jpg,165,0,328,32,485,70,30,67,609,117,712,181,816,259,0,254,867,365,117,456,860,490,798,588,278,586,704,646,447,657,593,672
frame_1021.jpg,173,0,333,34,39,64,489,74,610,124,711,189,0,249,812,270,859,376,108,451,848,501,262,584,781,598,685,653,428,658,573,676
frame_1022.jpg,172,0,333,37,36,60,488,83,607,137,708,205,0,247,806,290,853,398,108,455,843,523,260,593,775,619,680,672,425,671,567,693
frame_1024.jpg,331,0,39,18,484,47,600,103,697,174,0,205,793,260,837,369,103,412,822,493,249,552,755,588,411,633,660,639,550,657,-1,-1
frame_1028.jpg,160,0,317,29,473,65,32,65,596,113,698,178,0,248,804,259,854,369,107,447,846,497,257,580,779,597,684,653,424,656,571,676
frame_1029.jpg,158,0,318,30,478,66,28,67,603,115,709,180,0,252,820,263,877,374,112,455,872,506,271,592,807,609,710,667,442,670,593,691
frame_1030.jpg,169,0,333,29,498,64,35,65,625,113,735,178,0,250,848,260,900,372,110,451,890,502,268,588,819,606,717,663,442,666,595,686
frame_1031.jpg,178,0,347,33,37,64,513,73,644,126,757,195,0,254,871,280,926,396,114,464,917,530,278,607,846,635,742,692,459,691,616,715
frame_1032.jpg,188,0,362,33,534,73,38,68,670,125,786,194,0,261,904,280,959,397,117,474,950,533,288,617,876,639,768,699,473,699,637,723
frame_1073.jpg,691,0,501,16,907,15,333,49,1137,59,174,88,37,186,1261,201,0,334,1226,408,67,474,1038,571,194,576,364,646,801,649,572,673
frame_1074.jpg,688,0,500,14,902,19,332,43,1129,66,173,81,35,176,1251,206,0,323,1216,408,68,463,197,566,1031,568,367,637,799,643,573,665
frame_1075.jpg,691,0,504,9,903,23,337,35,177,70,1125,74,37,164,1239,218,0,312,1199,421,64,454,192,559,1014,575,359,632,785,645,563,663
frame_1076.jpg,673,0,486,16,888,17,319,48,1116,64,164,87,32,184,1235,208,0,329,1194,413,66,467,191,568,1005,572,356,638,775,645,555,665
frame_1078.jpg,652,0,470,12,865,16,310,40,163,75,1097,66,36,166,1220,212,0,304,1176,419,58,438,171,539,980,574,326,614,742,639,519,650
frame_1080.jpg,638,0,457,11,856,21,301,36,157,71,1094,76,33,161,1220,234,0,299,54,435,1171,450,164,541,966,604,312,622,724,662,502,665
frame_1081.jpg,631,0,449,11,850,20,294,37,150,72,1088,76,30,164,1215,232,0,302,58,436,1168,449,168,540,967,601,318,620,727,659,507,663
frame_1084.jpg,608,0,832,13,425,15,269,43,1085,68,129,82,17,184,1229,232,0,327,68,464,1197,462,188,571,1001,624,344,652,761,687,539,696
frame_1085.jpg,612,0,425,15,838,17,269,42,127,83,1091,76,15,189,1231,246,0,336,73,475,1194,476,196,581,998,635,352,663,763,697,543,705
frame_1087.jpg,600,0,837,13,410,18,253,46,1105,72,114,89,7,197,1255,249,0,342,76,479,1215,484,200,582,1010,643,356,664,770,701,549,706
frame_1088.jpg,593,0,832,14,403,16,246,43,107,85,1102,76,4,192,1251,254,0,335,80,470,1209,488,203,573,1004,642,356,656,765,697,546,700
frame_1091.jpg,597,0,403,11,839,20,244,32,104,71,1110,93,3,176,1250,274,0,316,80,448,1194,499,202,549,353,630,985,637,537,677,749,681
frame_1092.jpg,596,0,399,11,843,22,240,33,101,72,1120,97,0,180,1264,285,1,321,81,456,1207,514,205,557,354,641,993,654,539,691,753,697
frame_1093.jpg,600,0,404,6,243,24,844,27,102,60,1113,106,0,165,1251,293,1,308,83,443,1193,514,206,546,358,629,985,647,540,679,751,686
frame_1095.jpg,602,0,405,7,243,26,843,24,101,62,1111,105,0,171,1249,289,2,315,87,451,1195,513,214,554,368,637,992,647,551,686,761,690
frame_1097.jpg,614,0,413,9,248,29,858,25,101,69,1126,101,0,183,1264,285,5,333,98,471,1212,509,231,574,1014,645,389,653,786,694,577,696
frame_1098.jpg,623,0,420,7,252,27,867,26,103,67,1132,102,0,183,1270,286,8,336,105,477,1222,507,242,580,1028,646,404,659,803,696,594,700
frame_1100.jpg,643,0,436,5,263,23,888,31,110,62,1151,111,0,179,1285,295,6,336,104,481,1233,517,246,586,1040,653,411,667,814,704,603,708
frame_1101.jpg,642,0,436,4,264,21,890,31,110,59,1157,113,0,174,1292,301,4,329,100,474,1235,522,239,580,402,663,1035,659,593,708,806,706
frame_1102.jpg,639,0,431,6,259,24,890,30,108,61,1165,113,0,176,1303,303,4,331,99,475,1247,529,236,582,400,667,1042,666,592,713,808,713
frame_1105.jpg,441,0,657,0,266,14,922,39,111,48,1214,137,0,164,1,322,1356,344,93,473,229,588,1287,580,392,683,1063,715,588,741,814,752
frame_1106.jpg,447,0,665,1,268,13,933,42,113,47,1230,141,0,162,1,319,1376,351,92,470,227,586,1303,591,392,683,1072,723,589,744,817,758
frame_1107.jpg,664,0,443,3,266,18,936,35,113,54,1242,133,0,169,1,325,1395,345,93,476,228,592,1323,591,395,689,1087,727,595,749,828,763
frame_1108.jpg,664,0,442,6,265,22,941,33,111,63,1255,128,0,181,2,338,1415,346,96,488,232,605,1344,598,400,703,1104,740,604,764,839,778
frame_1109.jpg,659,0,437,11,259,33,941,27,105,77,1263,117,0,198,1427,335,8,356,104,505,1361,593,243,619,412,714,1120,739,617,771,855,780
frame_1110.jpg,657,0,432,14,941,22,255,38,102,84,1266,109,0,206,1431,325,10,364,109,510,1365,583,250,620,419,712,1125,729,623,766,859,773
frame_1111.jpg,658,0,434,15,943,23,256,39,103,85,1269,109,0,208,1434,323,12,364,110,510,1371,580,251,621,421,711,1130,728,627,765,864,772
frame_1113.jpg,659,0,436,11,943,25,258,33,105,78,1266,115,0,201,1433,332,12,359,111,508,1371,587,253,620,423,714,1131,734,629,769,866,777
frame_1114.jpg,658,0,434,13,940,24,256,37,101,82,1261,109,0,206,1428,324,12,366,114,513,1365,580,257,623,428,714,1131,726,633,767,869,772
frame_1116.jpg,663,0,439,14,940,21,259,37,103,85,1252,103,0,212,1420,306,18,373,127,520,1368,554,278,627,1147,703,454,713,893,756,663,758
frame_1118.jpg,671,0,447,13,951,22,265,38,106,84,1264,106,0,211,1431,313,14,374,123,524,1376,562,274,634,1152,714,452,722,896,767,661,769
frame_1119.jpg,679,0,450,15,960,25,266,39,108,88,1276,106,0,218,1444,316,17,382,127,533,1389,569,279,644,1163,723,458,732,905,779,669,780
frame_1120.jpg,683,0,454,12,968,25,269,37,108,82,1286,112,0,211,1451,326,16,376,123,529,1389,581,276,641,454,731,1159,731,664,780,900,782
frame_1121.jpg,680,0,450,15,967,23,265,42,107,88,1291,108,0,217,1462,321,17,381,125,532,1401,576,277,643,455,732,1167,731,666,781,904,782
frame_1122.jpg,677,0,448,17,966,20,265,43,107,91,1292,105,0,218,1463,317,13,379,119,529,1398,575,267,639,445,727,1161,726,656,777,895,778
frame_1127.jpg,698,0,968,12,478,22,293,57,1271,77,130,107,7,230,1435,270,0,394,1389,531,93,548,238,662,1160,710,420,750,890,782,642,793
frame_1128.jpg,701,0,968,9,483,26,301,64,1266,67,138,116,13,237,1421,253,0,396,1372,514,87,545,226,656,1140,693,404,739,870,766,620,781
frame_1129.jpg,693,0,947,10,483,22,304,58,1228,63,142,104,17,217,1384,235,0,371,1340,478,82,515,219,622,1119,653,395,702,854,727,610,741
frame_1131.jpg,671,0,908,8,471,25,1165,53,300,64,143,112,1308,208,18,223,0,377,1275,435,83,518,1078,609,219,618,394,689,835,690,602,715
frame_1133.jpg,672,0,894,10,478,20,307,57,1132,55,148,102,1262,200,19,210,0,363,1232,410,84,503,1052,576,221,601,824,658,397,666,602,687
frame_1134.jpg,677,0,897,11,485,20,312,55,1130,55,151,101,1257,197,20,208,0,361,1229,401,86,501,1055,564,227,598,831,647,405,661,611,678
frame_1135.jpg,680,0,897,13,489,19,316,53,1125,54,155,96,1250,191,22,201,0,352,1225,389,86,490,1054,549,227,585,833,632,406,647,613,663
frame_1136.jpg,684,0,898,11,494,18,322,51,1125,53,161,95,1248,187,26,197,0,346,1223,384,83,483,1052,544,223,579,831,627,403,641,610,658
frame_1138.jpg,694,0,504,11,909,20,331,37,168,74,1136,72,31,173,1258,212,0,323,1229,412,78,466,215,570,1053,567,393,641,827,643,603,666
frame_1140.jpg,706,0,511,7,924,25,334,30,170,62,1156,82,32,159,1280,229,0,308,1249,431,78,454,216,562,1067,582,395,637,835,653,606,670
frame_1143.jpg,736,0,538,6,950,25,351,31,177,64,1173,80,31,165,1289,220,0,323,1261,410,89,471,1094,562,241,576,874,639,433,645,650,667
frame_1144.jpg,740,0,540,8,959,22,351,34,174,71,1186,74,29,173,1307,211,0,331,1282,402,93,478,1115,556,249,582,892,637,444,648,665,667
frame_1145.jpg,758,0,555,4,363,25,979,27,182,57,1209,84,33,159,1331,228,0,317,1305,421,92,470,1133,575,247,580,905,652,446,653,672,678
frame_1147.jpg,587,0,795,0,386,20,1019,34,198,49,1251,98,39,151,1371,244,0,318,1343,441,93,478,255,594,1168,597,461,672,935,674,696,700
frame_1148.jpg,593,0,804,4,390,17,198,42,1027,40,1259,107,38,145,1379,254,0,313,1352,449,96,475,263,594,1179,602,473,674,949,677,709,702
frame_1149.jpg,610,0,402,9,818,12,206,28,1032,55,1249,128,39,127,1357,271,0,299,1326,458,101,467,273,588,1163,601,485,668,946,673,717,696
frame_1151.jpg,417,0,621,3,217,7,819,27,1015,79,44,98,1206,157,0,268,1295,292,102,436,1262,459,276,558,1112,585,484,638,916,647,705,667
frame_1153.jpg,218,0,413,2,610,14,798,43,47,84,982,99,1159,178,0,247,1238,308,97,414,1203,462,264,535,1061,577,465,615,875,632,675,646
frame_1155.jpg,210,0,400,3,591,19,772,52,44,82,948,110,1118,191,0,243,1191,319,96,410,1155,470,258,531,1019,580,450,611,842,631,651,643
frame_1168.jpg,581,0,376,2,778,12,175,23,971,49,1154,118,16,139,1233,242,0,312,1198,398,123,465,1062,518,300,561,887,588,498,618,699,624
frame_1169.jpg,376,0,580,3,177,16,778,21,973,64,18,127,1157,138,1233,268,0,296,1191,424,117,449,1048,538,288,549,868,599,481,610,679,626
frame_1170.jpg,373,0,575,2,179,14,772,19,968,62,22,117,1155,136,1232,264,0,277,1187,417,110,424,274,522,1038,527,854,582,464,585,662,605
frame_1171.jpg,376,0,575,6,182,15,771,25,969,70,26,121,1158,149,1236,283,0,285,106,438,1188,443,267,543,1036,558,455,613,848,615,653,636
frame_1172.jpg,358,2,558,0,757,11,168,23,961,49,1158,122,18,134,1240,257,0,296,1195,420,109,445,1041,539,270,544,852,602,458,608,657,627
frame_1173.jpg,542,0,744,2,341,13,954,30,154,43,1161,95,12,158,1252,227,0,319,1211,394,113,460,1057,521,277,552,866,590,467,610,668,622
frame_1175.jpg,544,0,755,2,339,12,975,31,150,44,1195,103,11,160,1291,244,0,321,1243,421,110,465,1075,549,272,560,872,615,462,623,667,642
frame_1176.jpg,761,0,547,0,339,13,985,31,149,46,1210,102,9,164,1308,244,0,327,1259,422,114,471,1089,553,278,566,884,619,470,629,676,646
frame_1177.jpg,563,0,782,4,350,10,1008,38,154,41,1232,114,10,160,1325,262,0,329,1270,443,116,478,1097,573,282,576,890,638,475,641,682,663
frame_1178.jpg,789,0,566,0,351,14,1022,32,154,48,1255,105,9,170,1354,253,0,338,1300,437,117,486,1122,570,285,583,908,639,482,647,694,666
frame_1180.jpg,792,0,565,8,1031,25,345,29,143,72,1270,93,0,203,1380,244,0,378,1336,437,128,528,1163,581,306,623,949,659,512,683,731,696
frame_1181.jpg,807,0,581,2,359,19,1041,29,152,57,1272,99,2,188,1373,246,0,366,1327,429,132,517,1158,568,314,612,950,644,521,669,737,680
frame_1182.jpg,804,0,579,4,357,23,1035,27,150,62,1264,95,0,197,1366,239,0,377,1326,424,135,530,1162,566,320,623,958,646,528,678,746,686
frame_1183.jpg,807,0,582,6,360,27,1037,25,151,68,1264,91,2,201,1363,232,0,380,1321,417,135,529,1157,558,318,621,953,638,526,675,742,679
frame_1184.jpg,817,0,590,5,365,25,1050,28,153,67,1276,95,0,204,1375,241,0,385,1329,427,136,538,1163,568,322,631,959,649,531,685,748,690
frame_1185.jpg,834,0,601,3,371,22,1072,29,156,64,1305,101,0,203,1403,251,0,385,1350,440,136,540,1177,581,322,636,967,660,533,691,752,699
frame_1186.jpg,850,0,610,3,375,21,1098,32,157,63,1338,107,1,200,1437,263,0,383,1377,457,134,540,1193,598,320,638,975,674,531,698,754,710
frame_1188.jpg,871,0,622,4,380,25,1129,32,158,66,1383,111,0,208,1488,272,0,397,1429,473,141,557,1238,619,332,657,1011,698,550,720,781,733
frame_1192.jpg,668,0,934,2,408,17,1208,42,169,57,1471,131,0,208,1573,305,3,409,1503,514,153,580,1300,663,356,688,1062,740,584,757,823,773
frame_1193.jpg,679,0,944,4,419,11,1215,47,175,51,1474,138,0,203,1574,309,4,405,1505,515,158,577,1304,659,364,686,1070,736,594,752,833,769
frame_1200.jpg,517,0,786,8,258,13,1051,39,1311,108,43,143,1562,217,0,365,1661,397,137,577,1594,612,352,724,1386,763,604,821,1132,836,871,858
frame_1201.jpg,549,0,284,3,819,15,1077,55,1325,133,56,127,1562,247,0,353,1659,429,135,577,1599,640,356,736,1403,791,617,842,1154,862,892,883
frame_1218.jpg,1072,0,850,12,1290,28,621,57,378,124,1403,152,147,212,1397,338,0,402,1275,512,38,611,1105,642,914,740,230,747,694,796,457,797
frame_1219.jpg,1111,0,892,0,660,32,1320,40,410,85,1418,166,164,165,1400,347,0,355,1276,511,30,571,1105,630,225,713,916,721,458,769,695,771
frame_1220.jpg,1112,2,894,0,662,30,1321,45,411,80,165,156,1417,170,1398,349,0,343,1272,510,30,556,1101,627,224,701,910,715,454,756,691,761
frame_1221.jpg,1108,0,886,0,653,33,1321,42,403,85,160,164,1417,168,1396,351,0,348,1265,513,31,560,1091,630,221,701,899,718,447,757,680,762
frame_1223.jpg,1101,0,877,2,1314,39,644,37,395,94,1412,167,156,174,1387,351,0,358,1255,514,31,564,1078,630,218,701,886,717,439,756,669,761
frame_1225.jpg,1097,0,870,6,1317,38,632,43,385,103,1418,168,152,183,1391,356,0,368,1252,522,31,570,1072,640,214,704,876,724,430,760,658,768
frame_1226.jpg,1100,0,870,6,1321,37,633,45,385,107,1423,168,151,188,1395,357,0,371,1256,524,32,574,1075,642,216,708,878,728,433,764,661,770
frame_1227.jpg,1096,0,868,5,1315,36,630,43,383,104,1418,166,149,186,1394,351,0,368,1258,517,35,570,1078,635,220,703,883,720,438,757,667,764
frame_1230.jpg,892,0,1113,6,659,27,1326,50,410,74,166,147,1430,180,0,327,1414,363,1287,526,27,544,1112,642,221,693,917,726,453,757,693,767
frame_1231.jpg,911,0,1132,16,678,18,426,57,1344,67,176,122,1450,200,0,300,1437,384,21,524,1312,548,1135,662,216,689,935,744,456,764,705,782
frame_1249.jpg,756,0,571,3,411,25,975,34,251,51,1209,94,87,128,1321,257,0,267,5,418,1241,491,85,546,224,650,986,663,431,712,693,721
frame_1252.jpg,833,0,623,9,1072,17,455,44,322,89,190,142,1207,166,59,235,0,373,1146,426,16,508,89,615,900,639,207,697,624,726,387,739
frame_1253.jpg,810,0,1053,6,599,17,435,60,306,111,1192,151,178,170,53,267,0,406,1136,417,16,538,91,642,894,641,208,720,619,737,385,756
frame_1254.jpg,1042,0,796,0,586,26,421,74,295,128,1186,141,170,190,48,289,0,428,1133,414,19,557,889,643,92,659,208,734,614,743,384,767
frame_1255.jpg,1029,0,784,6,575,36,412,87,287,147,1179,139,163,209,43,311,1136,410,0,450,24,581,901,646,100,680,220,752,630,753,398,782
frame_1256.jpg,1024,0,788,7,576,37,410,96,1180,115,284,164,158,233,39,341,1145,383,0,485,33,614,924,626,119,710,660,748,247,773,427,790
frame_1257.jpg,1055,0,815,6,606,32,440,83,1202,126,308,143,176,204,48,305,1168,374,0,445,30,575,943,602,114,672,673,717,245,737,434,756
frame_1258.jpg,1096,0,858,5,646,27,475,75,336,135,1242,127,196,196,58,298,1211,375,0,444,25,582,987,610,112,686,707,732,253,756,453,776
frame_1259.jpg,1123,0,876,9,655,39,476,94,1277,125,331,162,186,230,49,343,1255,381,0,498,1037,625,40,640,140,741,760,758,293,805,504,815
frame_1261.jpg,934,0,702,12,1194,12,512,52,352,107,198,163,1351,152,55,267,1316,398,0,418,40,561,1083,619,148,668,795,728,309,741,529,765
frame_1263.jpg,708,0,937,1,1189,27,519,30,359,76,203,124,1334,170,55,223,0,372,1296,408,38,515,1068,611,145,625,306,703,786,708,524,734
frame_1270.jpg,687,0,924,11,491,20,329,56,1192,59,175,99,41,199,1346,223,0,348,1308,471,53,495,170,611,1082,658,333,699,804,735,550,745
frame_1271.jpg,680,0,921,8,482,23,317,62,1193,54,164,108,32,215,1350,222,0,369,1314,476,63,518,186,633,1093,667,353,719,820,748,569,762
frame_1274.jpg,659,0,909,13,454,20,284,53,1190,73,128,100,9,219,1349,256,0,379,1314,505,86,529,224,641,1101,683,396,726,845,753,607,767
frame_1275.jpg,672,0,466,14,923,21,294,42,137,84,1200,89,13,201,1351,275,0,362,83,515,1306,523,219,630,1090,691,389,720,835,758,600,764
frame_1277.jpg,667,0,460,9,290,31,919,28,135,71,1200,106,12,185,1351,303,0,345,81,500,1301,553,212,620,378,717,1081,714,585,769,822,770
frame_1280.jpg,670,0,464,2,293,18,921,35,139,54,1200,123,18,164,0,322,1341,327,79,476,1276,573,205,596,365,695,1050,721,565,755,796,763
frame_1282.jpg,651,0,444,5,273,25,908,30,123,62,1197,116,7,174,0,329,1346,320,81,480,1283,567,209,596,369,692,1053,716,567,750,797,759
frame_1283.jpg,652,0,444,3,276,20,909,34,125,56,1196,123,10,166,0,321,1343,330,80,472,1277,576,205,591,364,689,1047,722,560,750,790,763
frame_1285.jpg,448,0,653,0,278,15,909,39,128,48,1192,131,11,157,0,311,1336,338,79,462,204,582,1267,583,362,681,1038,724,556,744,784,760
frame_1286.jpg,447,0,654,1,279,15,909,39,128,48,1192,132,11,156,0,310,1334,341,78,461,203,580,1264,583,359,680,1034,724,554,742,782,758
frame_1287.jpg,447,1,654,0,277,17,909,37,127,50,1193,129,11,160,0,314,1335,337,79,464,203,583,1265,581,360,681,1036,722,555,743,781,759
frame_1288.jpg,651,0,443,1,274,17,907,36,123,53,1192,126,10,161,0,316,1335,333,80,466,204,584,1266,577,362,682,1037,718,558,741,784,756
frame_1289.jpg,651,0,445,1,275,16,908,37,124,50,1192,129,8,160,0,314,1335,334,77,465,205,583,1265,578,362,680,1035,720,555,742,783,755
frame_1290.jpg,651,0,443,3,275,18,907,36,125,54,1192,127,9,164,0,317,1335,333,79,467,205,584,1268,577,363,682,1038,720,557,743,783,758
frame_1291.jpg,649,0,443,2,274,20,905,33,124,56,1191,121,9,166,0,320,1337,327,80,469,1271,572,207,586,365,683,1043,715,561,743,789,754
frame_1292.jpg,650,0,444,2,275,20,906,35,126,53,1192,123,11,162,0,315,1339,330,77,465,203,583,1271,577,361,681,1040,720,556,743,786,757
frame_1293.jpg,647,0,442,3,274,21,903,32,126,57,1191,119,11,167,0,320,1342,325,77,470,1277,577,202,588,360,687,1046,723,557,749,789,761
frame_1294.jpg,641,0,435,6,269,26,898,31,122,63,1188,115,10,172,0,325,1343,321,78,475,1283,573,204,592,363,690,1053,721,560,751,793,764
frame_1295.jpg,636,0,431,9,265,30,893,28,118,69,1184,110,6,181,1341,313,0,335,81,484,1286,566,208,600,368,697,1059,719,569,755,801,765
frame_1296.jpg,639,0,433,9,268,31,897,27,121,70,1188,107,8,183,1344,315,0,338,81,488,1286,570,208,605,367,702,1056,725,566,761,798,770
frame_1299.jpg,627,0,420,15,886,20,257,42,112,86,1181,92,2,202,1345,295,0,355,83,503,1292,554,213,616,374,708,1063,715,572,762,804,767
frame_1301.jpg,625,0,420,15,883,20,256,42,112,86,1178,94,3,201,1341,298,0,356,82,505,1287,559,210,618,371,711,1060,719,569,766,801,770
frame_1302.jpg,625,0,422,12,882,21,259,38,114,81,1176,99,4,196,1338,306,0,351,81,502,1283,568,208,618,367,713,1055,728,564,771,796,777
frame_1303.jpg,617,0,415,17,873,17,254,46,112,92,1168,87,2,208,1336,290,0,364,83,513,1290,554,212,627,374,719,1065,721,573,773,806,776
frame_1307.jpg,627,0,426,9,266,32,880,28,122,71,1167,112,9,186,1321,323,0,344,77,497,1261,589,200,617,354,717,1033,745,548,778,776,790
frame_1309.jpg,623,0,421,10,263,32,875,27,119,73,1163,110,8,186,1321,321,0,342,77,494,1262,585,199,613,354,711,1033,741,548,772,776,785
frame_1311.jpg,623,0,421,11,264,34,875,26,122,77,1165,111,10,192,1322,329,0,351,74,507,1262,602,194,629,349,731,1029,764,542,794,772,807
frame_1312.jpg,614,0,412,13,868,22,258,39,116,82,1161,102,7,197,1323,320,0,355,76,507,1264,591,197,627,349,727,1031,754,542,788,772,799
frame_1317.jpg,611,0,412,4,261,23,871,37,126,59,1176,139,15,168,0,323,1338,384,61,479,165,610,1253,676,305,725,489,808,990,827,719,845
frame_1319.jpg,605,0,406,10,257,35,864,30,122,75,1174,126,14,189,0,346,1340,375,63,502,168,631,1256,674,307,743,492,821,995,830,721,855
frame_1363.jpg,680,0,901,6,436,15,1104,45,198,51,1297,117,16,200,1377,258,0,415,1339,439,1195,586,153,595,1012,679,361,695,813,736,591,745
frame_1365.jpg,892,0,671,1,425,24,1095,31,187,67,1288,97,8,224,1370,235,1336,415,0,442,1197,565,161,614,1017,664,372,707,822,727,602,745
frame_1366.jpg,883,0,661,2,418,26,1083,30,181,70,1275,95,1358,230,3,229,1327,409,0,449,1194,560,166,621,1019,660,380,711,827,726,609,747
frame_1368.jpg,879,0,663,2,419,26,1078,29,182,71,1266,92,1348,225,4,230,1319,402,0,449,1187,550,164,619,1015,651,379,706,825,717,608,739
frame_1370.jpg,881,0,664,4,1079,27,423,28,187,73,1268,89,1349,221,8,233,1320,396,0,449,1187,545,164,617,1014,645,377,703,823,713,606,735
frame_1371.jpg,878,0,663,3,420,25,1077,27,182,69,1265,91,1347,223,2,229,1316,396,0,446,1185,544,166,616,1014,643,380,700,825,710,609,733
frame_1374.jpg,876,0,660,8,1076,23,417,37,1264,81,179,86,1344,211,1,252,1312,383,0,465,1182,530,168,626,1011,631,824,702,383,703,610,729
frame_1383.jpg,698,0,911,4,450,16,1102,39,200,55,1279,107,6,221,1351,238,1316,407,0,450,1189,549,177,626,1024,646,400,710,841,713,630,739
frame_1384.jpg,692,0,907,7,447,13,1100,45,200,49,1278,115,8,209,1353,250,1318,421,0,438,1189,564,172,619,1021,660,391,709,836,725,621,745
frame_1385.jpg,690,0,903,8,444,14,1097,46,196,50,1275,116,5,209,1351,250,1320,421,0,439,1194,565,176,620,1030,661,399,712,845,726,631,747
frame_1419.jpg,732,0,532,13,929,16,327,42,1123,66,135,88,1212,189,0,219,1183,355,0,390,1049,492,129,526,875,578,303,603,692,629,496,638
frame_1420.jpg,730,0,931,11,529,20,323,55,1128,57,132,107,1220,180,0,243,1193,351,6,414,1058,493,139,548,885,584,313,621,702,640,507,654
frame_1421.jpg,728,0,926,9,528,20,1122,54,322,56,131,109,1214,174,0,247,1190,342,9,417,1059,482,144,549,888,573,320,618,708,630,514,647
frame_1422.jpg,736,0,937,10,534,19,326,55,1134,56,133,107,1223,178,0,245,1191,346,6,415,1055,486,139,546,882,575,313,616,700,630,506,645
frame_1423.jpg,735,0,937,12,533,17,325,51,1133,59,132,101,1222,182,0,238,1193,348,8,406,1057,486,142,537,883,574,315,609,701,627,508,640
frame_1424.jpg,733,0,935,10,530,18,322,53,1134,57,131,104,1224,180,0,239,1193,345,8,407,1056,483,141,536,882,571,313,607,698,625,505,638
frame_1426.jpg,734,0,936,11,530,18,323,52,1133,59,130,104,1221,181,0,241,1188,346,11,409,1052,483,144,536,879,570,317,606,698,623,507,636
frame_1427.jpg,737,0,939,10,534,18,325,52,1136,58,132,104,1221,181,0,245,1187,347,11,414,1049,483,146,543,878,571,318,610,698,624,508,639
frame_1429.jpg,732,0,933,7,527,20,1129,53,321,58,129,112,1216,174,0,250,1182,339,13,416,1046,475,147,541,875,563,319,606,696,617,508,634
frame_1431.jpg,734,0,937,4,528,23,1136,47,320,64,127,122,1223,169,0,265,1189,336,15,432,1051,475,151,555,880,566,323,618,701,623,511,641
frame_1432.jpg,728,0,931,4,524,25,1129,45,316,66,126,123,1218,165,0,263,1186,330,15,429,1049,468,152,550,879,558,324,612,701,616,513,635
frame_1433.jpg,925,1,723,0,521,27,1123,40,314,70,124,130,1213,159,0,272,1182,324,17,437,1049,464,880,556,154,557,703,616,327,617,515,638
frame_1434.jpg,918,0,716,0,515,31,1115,36,310,76,121,138,1206,152,0,283,1180,317,20,449,1051,458,885,553,161,566,711,616,336,623,524,641
frame_1435.jpg,916,0,716,1,516,29,1111,34,311,75,122,135,1200,148,0,278,1176,312,20,442,1048,451,884,544,161,559,710,606,335,616,524,633
frame_1438.jpg,911,2,714,0,518,25,1103,39,315,65,126,123,1192,151,0,265,1170,311,18,428,1045,448,882,539,158,548,710,600,333,606,523,625
frame_1439.jpg,718,0,914,4,520,23,1104,44,317,60,127,116,1191,157,0,258,1165,316,16,424,1040,453,878,543,156,545,706,603,331,604,520,625
frame_1440.jpg,720,0,915,5,524,21,1105,47,320,56,127,111,1192,159,0,249,1167,316,14,415,1042,450,154,536,880,539,707,598,330,597,520,619
frame_1441.jpg,726,0,917,7,530,19,325,52,1104,50,132,105,1190,164,0,244,1162,321,13,412,1039,455,153,537,879,543,329,599,706,602,520,623
frame_1444.jpg,724,0,917,7,528,19,1104,49,324,53,131,107,1189,162,0,244,1162,317,12,411,1038,450,151,533,876,538,328,595,705,597,518,617
frame_1445.jpg,730,0,922,8,533,19,329,52,1108,50,134,105,1193,162,0,242,1168,319,13,410,1044,450,154,535,884,539,333,596,712,598,524,619
frame_1446.jpg,721,0,918,5,525,22,1110,44,321,61,130,116,1202,158,0,255,1182,318,14,423,1058,456,895,549,155,548,719,610,335,611,529,633
